frame_index,timestamp,object_id,label,x_pixel,y_pixel
0,83333,1,"Object 2",411.00,241.50
1,125000,1,"Object 2",411.50,242.50
2,166666,1,"Object 2",412.00,243.50
3,208333,1,"Object 2",411.00,244.00
4,250000,1,"Object 2",410.00,245.50
5,291666,1,"Object 2",409.00,247.50
6,333333,1,"Object 2",406.00,249.00
7,375000,1,"Object 2",404.50,250.00
8,416666,1,"Object 2",402.50,253.50
9,458333,1,"Object 2",398.50,254.50
10,500000,1,"Object 2",395.00,255.50
11,541666,1,"Object 2",391.50,255.50
12,583333,1,"Object 2",391.00,255.00
13,625000,1,"Object 2",388.00,254.50
14,666666,1,"Object 2",387.50,252.50
15,708333,1,"Object 2",384.50,251.00
16,750000,1,"Object 2",381.00,250.00
17,791666,1,"Object 2",380.00,249.50
18,833333,1,"Object 2",374.50,248.50
19,875000,1,"Object 2",368.50,248.50
20,916666,1,"Object 2",364.50,249.00
21,958333,1,"Object 2",361.50,250.00
22,1000000,1,"Object 2",359.50,250.00
23,1041666,1,"Object 2",357.50,250.50
24,1083333,1,"Object 2",355.00,251.00
25,1125000,1,"Object 2",355.00,253.00
26,1166666,1,"Object 2",353.00,252.50
27,1208333,1,"Object 2",352.00,252.50
28,1250000,1,"Object 2",351.00,251.50
29,1291666,1,"Object 2",352.00,252.50
30,1333333,1,"Object 2",352.50,252.00
31,1375000,1,"Object 2",352.50,250.50
32,1416666,1,"Object 2",354.00,251.00
33,1458333,1,"Object 2",356.50,250.00
34,1500000,1,"Object 2",360.50,250.50
35,1541666,1,"Object 2",362.00,250.00
36,1583333,1,"Object 2",367.00,248.50
37,1625000,1,"Object 2",371.00,247.50
38,1666666,1,"Object 2",375.50,248.00
39,1708333,1,"Object 2",376.50,249.00
40,1750000,1,"Object 2",383.50,250.00
41,1791666,1,"Object 2",388.50,250.00
42,1833333,1,"Object 2",390.50,250.50
43,1875000,1,"Object 2",392.50,251.00
44,1916666,1,"Object 2",395.00,250.50
45,1958333,1,"Object 2",395.00,249.50
46,2000000,1,"Object 2",397.00,247.50
47,2041666,1,"Object 2",398.50,248.50
48,2083333,1,"Object 2",400.00,246.50
49,2125000,1,"Object 2",401.00,245.50
50,2166666,1,"Object 2",403.00,243.50
51,2208333,1,"Object 2",406.00,241.50
52,2250000,1,"Object 2",405.00,241.50
53,2291666,1,"Object 2",408.00,240.50
54,2333333,1,"Object 2",409.00,241.00
55,2375000,1,"Object 2",408.00,242.50
56,2416666,1,"Object 2",405.00,243.50
57,2458333,1,"Object 2",401.00,244.00
58,2500000,1,"Object 2",399.00,243.50
59,2541666,1,"Object 2",398.00,244.00
60,2583333,1,"Object 2",397.00,244.00
61,2625000,1,"Object 2",395.00,244.00
62,2666666,1,"Object 2",397.00,244.00
63,2708333,1,"Object 2",400.00,243.50
64,2750000,1,"Object 2",400.50,244.50
65,2791666,1,"Object 2",397.50,244.50
66,2833333,1,"Object 2",400.50,243.00
67,2875000,1,"Object 2",399.50,244.50
68,2916666,1,"Object 2",398.50,242.00
69,2958333,1,"Object 2",399.50,242.00
70,3000000,1,"Object 2",400.00,239.50
71,3041666,1,"Object 2",402.00,238.00
72,3083333,1,"Object 2",400.50,230.50
73,3125000,1,"Object 2",403.00,227.50
74,3166666,1,"Object 2",404.50,221.50
75,3208333,1,"Object 2",408.00,218.50
76,3250000,1,"Object 2",410.50,216.50
77,3291666,1,"Object 2",412.00,215.50
78,3333333,1,"Object 2",412.00,213.00
79,3375000,1,"Object 2",411.00,213.00
80,3416666,1,"Object 2",410.50,212.00
81,3458333,1,"Object 2",409.00,207.00
82,3500000,1,"Object 2",405.50,202.50
83,3541666,1,"Object 2",401.00,197.00
84,3583333,1,"Object 2",392.50,192.00
85,3625000,1,"Object 2",387.50,190.00
86,3666666,1,"Object 2",382.50,188.50
87,3708333,1,"Object 2",378.00,188.50
88,3750000,1,"Object 2",372.50,190.00
89,3791666,1,"Object 2",367.50,193.00
90,3833333,1,"Object 2",361.00,197.50
91,3875000,1,"Object 2",355.50,201.00
92,3916666,1,"Object 2",350.00,207.00
93,3958333,1,"Object 2",345.00,213.50
94,4000000,1,"Object 2",339.50,222.50
95,4041666,1,"Object 2",334.00,231.50
96,4083333,1,"Object 2",324.50,248.50
97,4125000,1,"Object 2",319.00,261.00
98,4166666,1,"Object 2",311.50,275.50
99,4208333,1,"Object 2",306.00,290.50
100,4250000,1,"Object 2",300.00,308.50
101,4291666,1,"Object 2",294.50,326.50
102,4333333,1,"Object 2",289.00,344.50
103,4375000,1,"Object 2",286.50,353.00
104,4416666,1,"Object 2",284.00,365.00
105,4458333,1,"Object 2",282.00,373.50
106,4500000,1,"Object 2",281.50,381.00
107,4541666,1,"Object 2",281.00,387.50
108,4583333,1,"Object 2",277.00,394.50
109,4625000,1,"Object 2",276.50,398.00
110,4666666,1,"Object 2",273.50,400.50
111,4708333,1,"Object 2",271.00,401.50
112,4750000,1,"Object 2",267.50,402.50
113,4791666,1,"Object 2",266.00,401.50
114,4833333,1,"Object 2",264.00,400.50
115,4875000,1,"Object 2",261.50,397.50
116,4916666,1,"Object 2",260.50,392.00
117,4958333,1,"Object 2",262.50,384.50
118,5000000,1,"Object 2",267.50,376.00
119,5041666,1,"Object 2",276.00,368.00
120,5083333,1,"Object 2",288.00,363.00
121,5125000,1,"Object 2",296.50,359.50
122,5166666,1,"Object 2",302.00,359.00
123,5208333,1,"Object 2",306.50,357.50
124,5250000,1,"Object 2",308.50,357.00
125,5291666,1,"Object 2",309.50,356.00
126,5333333,1,"Object 2",310.50,354.00
127,5375000,1,"Object 2",310.00,355.00
128,5416666,1,"Object 2",310.00,354.00
129,5458333,1,"Object 2",309.00,352.00
130,5500000,1,"Object 2",306.50,352.00
131,5541666,1,"Object 2",303.00,350.50
132,5583333,1,"Object 2",297.00,349.00
133,5625000,1,"Object 2",293.50,349.00
134,5666666,1,"Object 2",289.50,350.50
135,5708333,1,"Object 2",286.50,353.50
136,5750000,1,"Object 2",285.50,358.00
137,5791666,1,"Object 2",284.00,360.50
138,5833333,1,"Object 2",283.50,359.50
139,5875000,1,"Object 2",282.00,357.00
140,5916666,1,"Object 2",281.00,352.00
141,5958333,1,"Object 2",283.00,347.00
142,6000000,1,"Object 2",285.50,345.00
143,6041666,1,"Object 2",289.50,342.50
144,6083333,1,"Object 2",292.00,338.00
145,6125000,1,"Object 2",295.00,335.50
146,6166666,1,"Object 2",299.00,334.50
147,6208333,1,"Object 2",304.00,334.00
148,6250000,1,"Object 2",309.50,333.50
149,6291666,1,"Object 2",314.00,331.50
150,6333333,1,"Object 2",318.00,329.00
151,6375000,1,"Object 2",321.00,325.00
152,6416666,1,"Object 2",326.00,321.50
153,6458333,1,"Object 2",331.50,317.50
154,6500000,1,"Object 2",336.00,316.00
155,6541666,1,"Object 2",341.00,315.00
156,6583333,1,"Object 2",348.00,316.00
157,6625000,1,"Object 2",356.00,315.50
158,6666666,1,"Object 2",368.00,314.50
159,6708333,1,"Object 2",380.50,317.00
160,6750000,1,"Object 2",391.50,321.00
161,6791666,1,"Object 2",403.50,325.50
162,6833333,1,"Object 2",416.50,331.50
163,6875000,1,"Object 2",429.00,339.50
164,6916666,1,"Object 2",441.50,348.00
165,6958333,1,"Object 2",455.50,357.50
166,7000000,1,"Object 2",461.50,354.50
167,7041666,1,"Object 2",465.00,355.50
168,7083333,1,"Object 2",499.00,404.50
169,7125000,1,"Object 2",512.00,420.00
170,7166666,1,"Object 2",523.00,437.50
171,7208333,1,"Object 2",531.00,450.00
172,7250000,1,"Object 2",536.50,461.50
173,7291666,1,"Object 2",541.00,471.50
174,7333333,1,"Object 2",543.50,477.50
175,7375000,1,"Object 2",543.50,478.00
176,7416666,1,"Object 2",541.50,476.50
177,7458333,1,"Object 2",534.50,470.50
178,7500000,1,"Object 2",526.00,463.00
179,7541666,1,"Object 2",517.50,459.00
180,7583333,1,"Object 2",504.50,450.50
181,7625000,1,"Object 2",497.00,448.00
182,7666666,1,"Object 2",490.00,447.00
183,7708333,1,"Object 2",486.00,447.50
184,7750000,1,"Object 2",483.50,447.50
185,7791666,1,"Object 2",483.00,447.00
186,7833333,1,"Object 2",483.50,445.00
187,7875000,1,"Object 2",484.50,443.50
188,7916666,1,"Object 2",487.50,442.50
189,7958333,1,"Object 2",491.00,440.50
190,8000000,1,"Object 2",495.50,438.00
191,8041666,1,"Object 2",502.50,435.00
192,8083333,1,"Object 2",517.00,431.50
193,8125000,1,"Object 2",530.00,431.00
194,8166666,1,"Object 2",547.50,431.00
195,8208333,1,"Object 2",578.00,429.00
196,8250000,1,"Object 2",619.50,426.50
197,8291666,1,"Object 2",653.50,425.00
198,8333333,1,"Object 2",694.50,426.50
199,8375000,1,"Object 2",732.00,428.50
200,8416666,1,"Object 2",771.00,432.00
201,8458333,1,"Object 2",808.50,436.00
202,8500000,1,"Object 2",844.00,441.50
203,8541666,1,"Object 2",883.50,445.00
204,8583333,1,"Object 2",936.50,457.00
205,8625000,1,"Object 2",969.50,470.00
206,8666666,1,"Object 2",987.00,471.50
207,8708333,1,"Object 2",1001.00,474.50
208,8750000,1,"Object 2",1012.50,479.00
209,8791666,1,"Object 2",1021.50,480.50
210,8833333,1,"Object 2",1027.00,481.00
211,8875000,1,"Object 2",1032.50,483.00
212,8916666,1,"Object 2",1036.50,488.50
213,8958333,1,"Object 2",1038.00,484.00
214,9000000,1,"Object 2",1038.00,495.50
215,9041666,1,"Object 2",1037.50,486.00
216,9083333,1,"Object 2",1034.00,487.50
217,9125000,1,"Object 2",1032.00,491.00
218,9166666,1,"Object 2",1029.00,492.00
219,9208333,1,"Object 2",1027.00,492.00
220,9250000,1,"Object 2",1024.50,498.00
221,9291666,1,"Object 2",1023.00,489.00
222,9333333,1,"Object 2",1023.00,490.00
223,9375000,1,"Object 2",1023.50,489.00
224,9416666,1,"Object 2",1024.50,488.00
225,9458333,1,"Object 2",1027.00,488.00
226,9500000,1,"Object 2",1029.50,489.50
227,9541666,1,"Object 2",1033.00,489.50
228,9583333,1,"Object 2",1038.50,490.50
229,9625000,1,"Object 2",1042.00,490.50
230,9666666,1,"Object 2",1044.00,490.50
231,9708333,1,"Object 2",1045.00,490.00
232,9750000,1,"Object 2",1044.50,488.50
233,9791666,1,"Object 2",1041.00,484.50
234,9833333,1,"Object 2",1033.00,480.00
235,9875000,1,"Object 2",1023.50,477.00
236,9916666,1,"Object 2",1012.50,473.50
237,9958333,1,"Object 2",998.00,471.50
238,10000000,1,"Object 2",978.00,467.50
239,10041666,1,"Object 2",946.50,459.00
0,83333,2,"Object 3",160.50,316.00
1,125000,2,"Object 3",159.50,317.00
2,166666,2,"Object 3",158.50,317.50
3,208333,2,"Object 3",156.50,319.50
4,250000,2,"Object 3",154.50,321.50
5,291666,2,"Object 3",151.50,323.50
6,333333,2,"Object 3",147.00,325.50
7,375000,2,"Object 3",143.50,327.50
8,416666,2,"Object 3",139.00,332.50
9,458333,2,"Object 3",133.00,334.00
10,500000,2,"Object 3",128.50,335.00
11,541666,2,"Object 3",124.50,335.50
12,583333,2,"Object 3",121.50,335.00
13,625000,2,"Object 3",117.50,334.50
14,666666,2,"Object 3",117.50,333.00
15,708333,2,"Object 3",115.00,330.50
16,750000,2,"Object 3",112.00,330.00
17,791666,2,"Object 3",111.50,328.50
18,833333,2,"Object 3",108.00,327.00
19,875000,2,"Object 3",103.50,326.50
20,916666,2,"Object 3",99.50,326.00
21,958333,2,"Object 3",97.50,324.50
22,1000000,2,"Object 3",97.00,324.00
23,1041666,2,"Object 3",96.50,323.50
24,1083333,2,"Object 3",96.00,322.00
25,1125000,2,"Object 3",96.00,322.00
26,1166666,2,"Object 3",95.50,321.50
27,1208333,2,"Object 3",95.50,320.00
28,1250000,2,"Object 3",97.00,319.00
29,1291666,2,"Object 3",98.00,320.00
30,1333333,2,"Object 3",99.00,318.50
31,1375000,2,"Object 3",99.00,316.50
32,1416666,2,"Object 3",103.00,316.00
33,1458333,2,"Object 3",105.50,315.50
34,1500000,2,"Object 3",108.50,314.50
35,1541666,2,"Object 3",111.50,313.50
36,1583333,2,"Object 3",118.00,312.50
37,1625000,2,"Object 3",124.50,312.00
38,1666666,2,"Object 3",129.00,311.50
39,1708333,2,"Object 3",132.00,311.50
40,1750000,2,"Object 3",138.50,310.50
41,1791666,2,"Object 3",144.50,310.00
42,1833333,2,"Object 3",148.00,310.00
43,1875000,2,"Object 3",151.00,309.00
44,1916666,2,"Object 3",153.00,307.50
45,1958333,2,"Object 3",153.00,305.00
46,2000000,2,"Object 3",156.50,302.00
47,2041666,2,"Object 3",158.00,302.00
48,2083333,2,"Object 3",158.50,300.00
49,2125000,2,"Object 3",157.50,299.50
50,2166666,2,"Object 3",157.50,299.00
51,2208333,2,"Object 3",159.00,297.00
52,2250000,2,"Object 3",156.00,297.50
53,2291666,2,"Object 3",156.50,295.50
54,2333333,2,"Object 3",157.50,294.50
55,2375000,2,"Object 3",157.50,294.00
56,2416666,2,"Object 3",156.50,293.50
57,2458333,2,"Object 3",154.50,290.50
58,2500000,2,"Object 3",154.50,289.50
59,2541666,2,"Object 3",154.50,288.50
60,2583333,2,"Object 3",155.00,288.00
61,2625000,2,"Object 3",154.50,287.00
62,2666666,2,"Object 3",153.50,285.00
63,2708333,2,"Object 3",155.50,284.50
64,2750000,2,"Object 3",155.50,285.00
65,2791666,2,"Object 3",153.00,283.50
66,2833333,2,"Object 3",153.50,281.50
67,2875000,2,"Object 3",153.50,283.50
68,2916666,2,"Object 3",155.00,282.50
69,2958333,2,"Object 3",154.00,281.50
70,3000000,2,"Object 3",153.00,279.50
71,3041666,2,"Object 3",152.50,279.50
72,3083333,2,"Object 3",152.00,278.00
73,3125000,2,"Object 3",151.50,275.50
74,3166666,2,"Object 3",151.50,276.00
75,3208333,2,"Object 3",151.00,274.50
76,3250000,2,"Object 3",150.00,272.50
77,3291666,2,"Object 3",149.50,271.50
78,3333333,2,"Object 3",148.00,270.00
79,3375000,2,"Object 3",147.50,270.50
80,3416666,2,"Object 3",147.00,270.00
81,3458333,2,"Object 3",145.50,269.00
82,3500000,2,"Object 3",145.50,269.00
83,3541666,2,"Object 3",145.00,269.00
84,3583333,2,"Object 3",145.50,269.00
85,3625000,2,"Object 3",146.00,269.00
86,3666666,2,"Object 3",146.50,268.50
87,3708333,2,"Object 3",148.50,269.50
88,3750000,2,"Object 3",149.00,269.50
89,3791666,2,"Object 3",150.50,270.00
90,3833333,2,"Object 3",151.00,270.50
91,3875000,2,"Object 3",152.50,270.50
92,3916666,2,"Object 3",153.50,271.00
93,3958333,2,"Object 3",153.50,271.00
94,4000000,2,"Object 3",155.00,271.50
95,4041666,2,"Object 3",155.00,271.00
96,4083333,2,"Object 3",155.00,271.50
97,4125000,2,"Object 3",155.00,271.50
98,4166666,2,"Object 3",155.50,271.00
99,4208333,2,"Object 3",156.00,271.50
100,4250000,2,"Object 3",157.50,272.00
101,4291666,2,"Object 3",159.50,273.00
102,4333333,2,"Object 3",161.50,273.50
103,4375000,2,"Object 3",164.00,275.00
104,4416666,2,"Object 3",167.00,276.00
105,4458333,2,"Object 3",170.00,277.00
106,4500000,2,"Object 3",172.50,276.50
107,4541666,2,"Object 3",175.00,277.00
108,4583333,2,"Object 3",179.50,278.00
109,4625000,2,"Object 3",181.00,278.50
110,4666666,2,"Object 3",183.00,278.50
111,4708333,2,"Object 3",185.50,279.00
112,4750000,2,"Object 3",186.50,280.00
113,4791666,2,"Object 3",188.00,279.50
114,4833333,2,"Object 3",189.50,280.50
115,4875000,2,"Object 3",190.50,281.00
116,4916666,2,"Object 3",191.50,282.00
117,4958333,2,"Object 3",192.00,282.50
118,5000000,2,"Object 3",199.50,282.00
119,5041666,2,"Object 3",200.50,282.50
120,5083333,2,"Object 3",211.00,282.00
121,5125000,2,"Object 3",215.50,283.00
122,5166666,2,"Object 3",218.50,283.00
123,5208333,2,"Object 3",222.50,284.00
124,5250000,2,"Object 3",226.50,283.50
125,5291666,2,"Object 3",230.00,283.50
126,5333333,2,"Object 3",231.50,285.00
127,5375000,2,"Object 3",233.50,288.00
128,5416666,2,"Object 3",237.50,289.00
129,5458333,2,"Object 3",244.50,289.50
130,5500000,2,"Object 3",246.50,290.50
131,5541666,2,"Object 3",249.50,290.00
132,5583333,2,"Object 3",257.50,289.50
133,5625000,2,"Object 3",270.00,289.50
134,5666666,2,"Object 3",274.50,293.50
135,5708333,2,"Object 3",267.00,289.50
136,5750000,2,"Object 3",253.00,293.00
137,5791666,2,"Object 3",246.50,294.50
138,5833333,2,"Object 3",246.00,294.00
139,5875000,2,"Object 3",275.00,294.50
140,5916666,2,"Object 3",281.00,295.00
141,5958333,2,"Object 3",286.50,293.00
142,6000000,2,"Object 3",289.00,293.00
143,6041666,2,"Object 3",290.50,292.00
144,6083333,2,"Object 3",296.50,291.00
145,6125000,2,"Object 3",297.50,290.00
146,6166666,2,"Object 3",297.50,289.50
147,6208333,2,"Object 3",298.00,287.00
148,6250000,2,"Object 3",300.00,286.00
149,6291666,2,"Object 3",302.00,285.50
150,6333333,2,"Object 3",305.00,283.50
151,6375000,2,"Object 3",315.00,280.00
152,6416666,2,"Object 3",318.50,278.50
153,6458333,2,"Object 3",322.00,279.00
154,6500000,2,"Object 3",325.50,278.50
155,6541666,2,"Object 3",329.00,279.50
156,6583333,2,"Object 3",335.00,277.50
157,6625000,2,"Object 3",339.00,280.00
158,6666666,2,"Object 3",342.50,279.50
159,6708333,2,"Object 3",346.50,280.50
160,6750000,2,"Object 3",350.00,280.50
161,6791666,2,"Object 3",354.00,281.50
162,6833333,2,"Object 3",357.00,282.00
163,6875000,2,"Object 3",360.50,283.00
164,6916666,2,"Object 3",363.00,282.00
165,6958333,2,"Object 3",367.00,282.50
166,7000000,2,"Object 3",370.50,283.00
167,7041666,2,"Object 3",373.50,283.50
168,7083333,2,"Object 3",377.50,283.50
169,7125000,2,"Object 3",380.50,284.00
170,7166666,2,"Object 3",383.50,284.00
171,7208333,2,"Object 3",385.50,283.50
172,7250000,2,"Object 3",388.50,283.00
173,7291666,2,"Object 3",390.50,282.00
174,7333333,2,"Object 3",392.50,281.50
175,7375000,2,"Object 3",395.00,281.50
176,7416666,2,"Object 3",397.50,281.00
177,7458333,2,"Object 3",400.00,280.50
178,7500000,2,"Object 3",402.00,280.00
179,7541666,2,"Object 3",404.50,279.50
180,7583333,2,"Object 3",407.00,278.00
181,7625000,2,"Object 3",409.50,278.00
182,7666666,2,"Object 3",410.50,277.50
183,7708333,2,"Object 3",412.50,277.50
184,7750000,2,"Object 3",413.50,277.00
185,7791666,2,"Object 3",414.50,276.50
186,7833333,2,"Object 3",416.50,276.00
187,7875000,2,"Object 3",417.50,275.00
188,7916666,2,"Object 3",419.00,274.50
189,7958333,2,"Object 3",420.50,274.00
190,8000000,2,"Object 3",421.00,274.00
191,8041666,2,"Object 3",421.50,273.00
192,8083333,2,"Object 3",422.00,272.00
193,8125000,2,"Object 3",422.50,272.00
194,8166666,2,"Object 3",422.00,272.00
195,8208333,2,"Object 3",422.00,272.00
196,8250000,2,"Object 3",421.50,272.00
197,8291666,2,"Object 3",421.00,271.50
198,8333333,2,"Object 3",420.50,271.50
199,8375000,2,"Object 3",420.00,271.50
200,8416666,2,"Object 3",420.00,271.00
201,8458333,2,"Object 3",420.00,271.00
202,8500000,2,"Object 3",419.00,271.50
203,8541666,2,"Object 3",418.00,271.50
204,8583333,2,"Object 3",417.50,271.50
205,8625000,2,"Object 3",416.50,271.50
206,8666666,2,"Object 3",416.00,271.00
207,8708333,2,"Object 3",416.00,270.00
208,8750000,2,"Object 3",416.00,269.50
209,8791666,2,"Object 3",415.50,269.00
210,8833333,2,"Object 3",415.50,268.00
211,8875000,2,"Object 3",415.00,268.50
212,8916666,2,"Object 3",414.50,268.00
213,8958333,2,"Object 3",414.50,267.50
214,9000000,2,"Object 3",414.00,267.00
215,9041666,2,"Object 3",414.00,267.50
216,9083333,2,"Object 3",414.50,266.50
217,9125000,2,"Object 3",414.50,265.50
218,9166666,2,"Object 3",415.00,266.00
219,9208333,2,"Object 3",416.00,265.50
220,9250000,2,"Object 3",416.50,265.50
221,9291666,2,"Object 3",417.50,265.00
222,9333333,2,"Object 3",419.00,265.00
223,9375000,2,"Object 3",419.50,265.00
224,9416666,2,"Object 3",421.00,264.50
225,9458333,2,"Object 3",422.50,264.50
226,9500000,2,"Object 3",424.50,264.50
227,9541666,2,"Object 3",425.50,264.00
228,9583333,2,"Object 3",428.00,264.50
229,9625000,2,"Object 3",429.50,265.00
230,9666666,2,"Object 3",431.00,265.00
231,9708333,2,"Object 3",433.00,265.50
232,9750000,2,"Object 3",435.50,266.00
233,9791666,2,"Object 3",436.00,267.00
234,9833333,2,"Object 3",438.00,267.00
235,9875000,2,"Object 3",440.00,267.00
236,9916666,2,"Object 3",441.00,267.00
237,9958333,2,"Object 3",442.00,267.50
238,10000000,2,"Object 3",443.00,267.50
239,10041666,2,"Object 3",443.00,267.00
0,83333,3,"Object 4",245.50,433.50
1,125000,3,"Object 4",245.50,434.50
2,166666,3,"Object 4",245.50,435.50
3,208333,3,"Object 4",241.00,444.50
4,250000,3,"Object 4",245.50,440.00
5,291666,3,"Object 4",244.00,444.50
6,333333,3,"Object 4",240.00,448.50
7,375000,3,"Object 4",236.50,452.50
8,416666,3,"Object 4",235.00,456.00
9,458333,3,"Object 4",231.50,457.50
10,500000,3,"Object 4",229.50,462.50
11,541666,3,"Object 4",223.50,468.50
12,583333,3,"Object 4",234.50,463.50
13,625000,3,"Object 4",226.00,470.00
14,666666,3,"Object 4",239.00,465.00
15,708333,3,"Object 4",241.00,466.00
16,750000,3,"Object 4",242.00,466.00
17,791666,3,"Object 4",237.50,469.00
18,833333,3,"Object 4",235.50,468.50
19,875000,3,"Object 4",237.00,468.50
20,916666,3,"Object 4",239.50,471.00
21,958333,3,"Object 4",244.00,472.00
22,1000000,3,"Object 4",246.00,471.50
23,1041666,3,"Object 4",248.00,471.00
24,1083333,3,"Object 4",253.50,471.50
25,1125000,3,"Object 4",256.50,473.00
26,1166666,3,"Object 4",258.00,473.00
34,1500000,3,"Object 4",273.50,471.00
35,1541666,3,"Object 4",290.00,469.50
36,1583333,3,"Object 4",301.00,466.50
37,1625000,3,"Object 4",307.50,463.50
38,1666666,3,"Object 4",314.50,462.50
39,1708333,3,"Object 4",316.50,459.50
40,1750000,3,"Object 4",320.00,457.50
41,1791666,3,"Object 4",331.00,451.50
42,1833333,3,"Object 4",336.50,453.00
43,1875000,3,"Object 4",341.50,449.50
44,1916666,3,"Object 4",346.00,447.00
45,1958333,3,"Object 4",346.50,444.00
46,2000000,3,"Object 4",351.00,440.50
47,2041666,3,"Object 4",352.00,438.00
48,2083333,3,"Object 4",356.00,439.50
49,2125000,3,"Object 4",356.50,438.50
50,2166666,3,"Object 4",361.00,434.00
51,2208333,3,"Object 4",364.00,431.50
52,2250000,3,"Object 4",364.00,432.00
53,2291666,3,"Object 4",367.50,430.50
54,2333333,3,"Object 4",369.50,429.50
55,2375000,3,"Object 4",370.50,428.00
56,2416666,3,"Object 4",372.00,428.00
57,2458333,3,"Object 4",371.00,426.50
58,2500000,3,"Object 4",373.00,426.00
59,2541666,3,"Object 4",373.00,427.50
60,2583333,3,"Object 4",374.50,428.50
61,2625000,3,"Object 4",374.00,429.00
62,2666666,3,"Object 4",373.50,428.00
63,2708333,3,"Object 4",377.00,427.00
64,2750000,3,"Object 4",377.00,427.50
65,2791666,3,"Object 4",375.00,427.00
66,2833333,3,"Object 4",374.50,426.00
67,2875000,3,"Object 4",374.00,426.00
68,2916666,3,"Object 4",373.50,422.50
69,2958333,3,"Object 4",372.50,417.50
70,3000000,3,"Object 4",370.00,417.00
71,3041666,3,"Object 4",369.50,417.00
72,3083333,3,"Object 4",367.50,415.00
73,3125000,3,"Object 4",366.50,413.50
74,3166666,3,"Object 4",364.00,414.00
75,3208333,3,"Object 4",361.00,414.50
76,3250000,3,"Object 4",357.00,414.00
77,3291666,3,"Object 4",354.50,414.00
78,3333333,3,"Object 4",351.00,406.50
79,3375000,3,"Object 4",348.00,406.00
80,3416666,3,"Object 4",345.00,406.00
81,3458333,3,"Object 4",342.00,404.50
82,3500000,3,"Object 4",338.50,404.50
83,3541666,3,"Object 4",334.50,403.50
84,3583333,3,"Object 4",328.00,402.50
85,3625000,3,"Object 4",322.50,401.00
86,3666666,3,"Object 4",318.00,400.50
87,3708333,3,"Object 4",314.00,402.00
88,3750000,3,"Object 4",309.00,400.50
89,3791666,3,"Object 4",305.50,400.00
90,3833333,3,"Object 4",301.00,397.50
91,3875000,3,"Object 4",297.00,395.50
92,3916666,3,"Object 4",294.00,394.00
93,3958333,3,"Object 4",291.00,393.50
94,4000000,3,"Object 4",288.00,391.00
95,4041666,3,"Object 4",285.00,389.00
96,4083333,3,"Object 4",280.50,387.50
97,4125000,3,"Object 4",277.00,387.00
98,4166666,3,"Object 4",273.00,386.00
99,4208333,3,"Object 4",270.00,388.00
100,4250000,3,"Object 4",267.50,388.50
101,4291666,3,"Object 4",266.00,389.00
102,4333333,3,"Object 4",264.50,387.50
103,4375000,3,"Object 4",264.00,386.50
104,4416666,3,"Object 4",265.50,386.00
105,4458333,3,"Object 4",265.50,386.00
106,4500000,3,"Object 4",266.00,386.00
107,4541666,3,"Object 4",266.50,385.50
108,4583333,3,"Object 4",271.50,383.50
109,4625000,3,"Object 4",275.00,382.50
110,4666666,3,"Object 4",279.00,383.50
111,4708333,3,"Object 4",283.50,383.00
112,4750000,3,"Object 4",287.50,382.50
113,4791666,3,"Object 4",291.00,382.00
114,4833333,3,"Object 4",292.50,381.50
115,4875000,3,"Object 4",292.50,382.00
116,4916666,3,"Object 4",292.00,380.50
117,4958333,3,"Object 4",292.00,381.50
118,5000000,3,"Object 4",292.00,382.00
119,5041666,3,"Object 4",293.00,383.00
120,5083333,3,"Object 4",295.00,385.00
121,5125000,3,"Object 4",297.00,385.00
122,5166666,3,"Object 4",300.50,383.00
123,5208333,3,"Object 4",304.00,381.00
124,5250000,3,"Object 4",308.50,380.50
125,5291666,3,"Object 4",311.00,376.50
126,5333333,3,"Object 4",313.00,376.50
127,5375000,3,"Object 4",311.50,373.00
128,5416666,3,"Object 4",312.50,373.50
129,5458333,3,"Object 4",312.50,372.50
130,5500000,3,"Object 4",313.50,374.00
131,5541666,3,"Object 4",315.00,376.00
132,5583333,3,"Object 4",317.50,375.50
133,5625000,3,"Object 4",319.50,374.50
134,5666666,3,"Object 4",321.50,373.50
135,5708333,3,"Object 4",323.00,372.50
136,5750000,3,"Object 4",324.50,372.00
137,5791666,3,"Object 4",325.50,371.00
138,5833333,3,"Object 4",328.00,370.00
139,5875000,3,"Object 4",330.00,368.50
140,5916666,3,"Object 4",331.00,368.50
141,5958333,3,"Object 4",332.50,367.50
142,6000000,3,"Object 4",333.00,367.00
143,6041666,3,"Object 4",333.00,365.50
144,6083333,3,"Object 4",335.00,363.00
145,6125000,3,"Object 4",337.00,363.50
146,6166666,3,"Object 4",336.00,363.00
147,6208333,3,"Object 4",338.50,362.00
148,6250000,3,"Object 4",336.50,362.00
149,6291666,3,"Object 4",340.00,362.00
150,6333333,3,"Object 4",342.50,360.50
151,6375000,3,"Object 4",344.50,361.00
152,6416666,3,"Object 4",344.50,362.00
153,6458333,3,"Object 4",346.50,363.00
154,6500000,3,"Object 4",347.50,364.00
155,6541666,3,"Object 4",348.00,365.00
156,6583333,3,"Object 4",350.50,364.50
157,6625000,3,"Object 4",352.00,361.50
158,6666666,3,"Object 4",354.00,362.50
159,6708333,3,"Object 4",356.50,363.00
160,6750000,3,"Object 4",358.00,363.00
161,6791666,3,"Object 4",360.00,362.50
162,6833333,3,"Object 4",365.50,363.00
163,6875000,3,"Object 4",363.50,364.00
164,6916666,3,"Object 4",364.00,365.00
165,6958333,3,"Object 4",367.00,364.50
166,7000000,3,"Object 4",369.00,367.00
167,7041666,3,"Object 4",370.00,368.00
168,7083333,3,"Object 4",373.50,370.00
169,7125000,3,"Object 4",379.00,369.00
170,7166666,3,"Object 4",380.00,370.50
171,7208333,3,"Object 4",380.00,370.50
172,7250000,3,"Object 4",380.00,372.50
173,7291666,3,"Object 4",379.50,374.00
174,7333333,3,"Object 4",381.00,371.00
175,7375000,3,"Object 4",381.50,370.00
176,7416666,3,"Object 4",385.50,369.50
177,7458333,3,"Object 4",387.00,368.50
178,7500000,3,"Object 4",387.00,370.00
179,7541666,3,"Object 4",387.00,368.50
180,7583333,3,"Object 4",388.00,367.50
181,7625000,3,"Object 4",388.50,366.50
182,7666666,3,"Object 4",388.00,367.50
183,7708333,3,"Object 4",387.00,369.00
184,7750000,3,"Object 4",384.50,369.50
185,7791666,3,"Object 4",383.00,369.50
186,7833333,3,"Object 4",381.50,369.00
187,7875000,3,"Object 4",378.50,372.50
188,7916666,3,"Object 4",377.50,373.00
189,7958333,3,"Object 4",377.00,373.00
190,8000000,3,"Object 4",376.50,373.00
191,8041666,3,"Object 4",377.00,373.50
192,8083333,3,"Object 4",378.00,371.00
193,8125000,3,"Object 4",374.50,374.00
194,8166666,3,"Object 4",374.50,374.50
195,8208333,3,"Object 4",374.00,374.50
196,8250000,3,"Object 4",373.50,374.50
197,8291666,3,"Object 4",374.00,373.50
198,8333333,3,"Object 4",373.50,373.50
199,8375000,3,"Object 4",373.00,374.50
200,8416666,3,"Object 4",371.00,375.50
201,8458333,3,"Object 4",370.50,377.50
202,8500000,3,"Object 4",369.50,377.50
203,8541666,3,"Object 4",368.50,378.00
204,8583333,3,"Object 4",367.00,377.00
205,8625000,3,"Object 4",366.00,378.00
206,8666666,3,"Object 4",365.50,378.00
207,8708333,3,"Object 4",364.50,378.00
208,8750000,3,"Object 4",364.50,378.50
209,8791666,3,"Object 4",363.50,379.00
210,8833333,3,"Object 4",361.00,379.00
211,8875000,3,"Object 4",361.00,380.00
212,8916666,3,"Object 4",360.50,380.00
213,8958333,3,"Object 4",361.00,379.50
214,9000000,3,"Object 4",360.00,379.50
215,9041666,3,"Object 4",358.50,379.00
216,9083333,3,"Object 4",353.50,379.50
217,9125000,3,"Object 4",356.50,379.00
218,9166666,3,"Object 4",355.50,379.50
219,9208333,3,"Object 4",356.50,379.00
220,9250000,3,"Object 4",356.50,379.00
221,9291666,3,"Object 4",356.50,379.00
222,9333333,3,"Object 4",355.50,379.00
223,9375000,3,"Object 4",354.50,379.00
224,9416666,3,"Object 4",354.50,378.50
225,9458333,3,"Object 4",354.00,378.50
226,9500000,3,"Object 4",354.00,379.00
227,9541666,3,"Object 4",352.00,378.50
228,9583333,3,"Object 4",358.00,378.00
229,9625000,3,"Object 4",358.00,377.50
230,9666666,3,"Object 4",358.00,377.50
231,9708333,3,"Object 4",355.00,378.00
232,9750000,3,"Object 4",354.50,378.00
233,9791666,3,"Object 4",352.50,378.00
234,9833333,3,"Object 4",355.50,377.50
235,9875000,3,"Object 4",352.50,378.00
236,9916666,3,"Object 4",353.50,378.00
237,9958333,3,"Object 4",355.50,377.50
238,10000000,3,"Object 4",355.00,377.00
239,10041666,3,"Object 4",354.00,377.50
0,83333,4,"Object 5",542.00,495.50
1,125000,4,"Object 5",542.50,496.50
2,166666,4,"Object 5",543.00,497.50
3,208333,4,"Object 5",541.00,499.00
4,250000,4,"Object 5",540.00,501.50
5,291666,4,"Object 5",537.00,505.50
6,333333,4,"Object 5",532.00,507.50
7,375000,4,"Object 5",529.00,509.00
8,416666,4,"Object 5",524.50,514.00
9,458333,4,"Object 5",519.50,516.00
10,500000,4,"Object 5",514.50,518.00
11,541666,4,"Object 5",511.00,518.50
12,583333,4,"Object 5",507.00,518.00
13,625000,4,"Object 5",502.00,517.50
14,666666,4,"Object 5",501.00,517.00
15,708333,4,"Object 5",496.50,516.50
16,750000,4,"Object 5",492.50,517.00
17,791666,4,"Object 5",490.00,517.00
18,833333,4,"Object 5",484.00,516.50
19,875000,4,"Object 5",478.00,517.50
20,916666,4,"Object 5",474.00,519.00
21,958333,4,"Object 5",471.00,518.50
22,1000000,4,"Object 5",469.00,519.50
23,1041666,4,"Object 5",467.00,519.00
24,1083333,4,"Object 5",465.50,520.50
25,1125000,4,"Object 5",465.00,521.50
26,1166666,4,"Object 5",463.00,520.50
27,1208333,4,"Object 5",462.50,520.50
28,1250000,4,"Object 5",463.00,520.00
29,1291666,4,"Object 5",463.50,521.00
30,1333333,4,"Object 5",463.00,520.50
31,1375000,4,"Object 5",463.50,520.00
32,1416666,4,"Object 5",465.00,519.50
33,1458333,4,"Object 5",467.50,519.50
34,1500000,4,"Object 5",470.00,520.00
35,1541666,4,"Object 5",472.50,520.00
36,1583333,4,"Object 5",477.00,519.00
37,1625000,4,"Object 5",482.00,517.50
38,1666666,4,"Object 5",486.00,519.00
39,1708333,4,"Object 5",488.00,518.00
40,1750000,4,"Object 5",494.00,518.00
41,1791666,4,"Object 5",498.50,517.50
42,1833333,4,"Object 5",502.00,516.00
43,1875000,4,"Object 5",505.00,516.00
44,1916666,4,"Object 5",507.50,514.00
45,1958333,4,"Object 5",508.00,513.00
46,2000000,4,"Object 5",512.00,511.50
47,2041666,4,"Object 5",514.00,513.00
48,2083333,4,"Object 5",516.00,512.00
49,2125000,4,"Object 5",516.50,512.50
50,2166666,4,"Object 5",518.00,512.00
51,2208333,4,"Object 5",521.00,511.50
52,2250000,4,"Object 5",518.50,512.50
53,2291666,4,"Object 5",521.00,510.50
54,2333333,4,"Object 5",522.50,510.50
55,2375000,4,"Object 5",523.50,510.50
56,2416666,4,"Object 5",523.00,510.50
57,2458333,4,"Object 5",522.00,509.50
58,2500000,4,"Object 5",523.00,508.50
59,2541666,4,"Object 5",523.50,509.00
60,2583333,4,"Object 5",526.00,512.00
61,2625000,4,"Object 5",526.00,511.50
62,2666666,4,"Object 5",526.00,511.00
63,2708333,4,"Object 5",529.00,511.00
64,2750000,4,"Object 5",528.00,512.00
65,2791666,4,"Object 5",525.00,511.50
66,2833333,4,"Object 5",525.00,510.50
67,2875000,4,"Object 5",523.00,510.50
68,2916666,4,"Object 5",523.00,509.00
69,2958333,4,"Object 5",520.00,508.50
70,3000000,4,"Object 5",517.00,505.00
71,3041666,4,"Object 5",515.50,507.00
72,3083333,4,"Object 5",513.00,505.00
73,3125000,4,"Object 5",511.50,503.50
74,3166666,4,"Object 5",511.00,505.00
75,3208333,4,"Object 5",509.50,504.00
76,3250000,4,"Object 5",509.00,504.00
77,3291666,4,"Object 5",507.50,504.00
78,3333333,4,"Object 5",506.50,502.50
79,3375000,4,"Object 5",505.50,503.00
80,3416666,4,"Object 5",505.00,503.50
81,3458333,4,"Object 5",503.50,502.50
82,3500000,4,"Object 5",502.00,502.50
83,3541666,4,"Object 5",500.00,503.00
84,3583333,4,"Object 5",497.00,503.50
85,3625000,4,"Object 5",495.00,504.00
86,3666666,4,"Object 5",493.00,504.50
87,3708333,4,"Object 5",491.00,505.00
88,3750000,4,"Object 5",489.00,504.50
89,3791666,4,"Object 5",487.50,504.50
90,3833333,4,"Object 5",486.00,504.00
91,3875000,4,"Object 5",485.00,504.00
92,3916666,4,"Object 5",484.00,504.00
93,3958333,4,"Object 5",483.50,504.00
94,4000000,4,"Object 5",483.50,504.00
95,4041666,4,"Object 5",484.00,504.00
96,4083333,4,"Object 5",486.00,504.00
97,4125000,4,"Object 5",487.00,504.00
98,4166666,4,"Object 5",489.50,503.50
99,4208333,4,"Object 5",491.00,504.00
100,4250000,4,"Object 5",493.00,503.50
101,4291666,4,"Object 5",494.50,503.50
102,4333333,4,"Object 5",496.00,503.50
103,4375000,4,"Object 5",498.00,502.50
104,4416666,4,"Object 5",499.00,502.00
105,4458333,4,"Object 5",500.00,502.00
106,4500000,4,"Object 5",501.00,502.00
107,4541666,4,"Object 5",502.00,502.00
108,4583333,4,"Object 5",503.00,502.50
109,4625000,4,"Object 5",505.00,502.50
110,4666666,4,"Object 5",506.50,501.50
111,4708333,4,"Object 5",508.00,501.50
112,4750000,4,"Object 5",510.00,502.00
113,4791666,4,"Object 5",512.00,501.00
114,4833333,4,"Object 5",514.00,500.50
115,4875000,4,"Object 5",516.00,500.00
116,4916666,4,"Object 5",518.00,500.50
117,4958333,4,"Object 5",520.50,500.50
118,5000000,4,"Object 5",522.00,500.50
119,5041666,4,"Object 5",523.50,499.00
120,5083333,4,"Object 5",525.50,498.50
121,5125000,4,"Object 5",527.00,499.00
122,5166666,4,"Object 5",529.00,499.50
123,5208333,4,"Object 5",531.00,500.50
124,5250000,4,"Object 5",532.50,499.50
125,5291666,4,"Object 5",534.00,499.50
126,5333333,4,"Object 5",535.50,499.00
127,5375000,4,"Object 5",537.00,499.50
128,5416666,4,"Object 5",539.00,500.00
129,5458333,4,"Object 5",540.00,499.50
130,5500000,4,"Object 5",542.00,499.50
131,5541666,4,"Object 5",543.50,499.00
132,5583333,4,"Object 5",545.50,499.00
133,5625000,4,"Object 5",547.00,499.50
134,5666666,4,"Object 5",548.00,499.50
135,5708333,4,"Object 5",549.00,499.00
136,5750000,4,"Object 5",550.50,499.00
137,5791666,4,"Object 5",551.00,498.50
138,5833333,4,"Object 5",552.00,498.00
139,5875000,4,"Object 5",552.50,498.00
140,5916666,4,"Object 5",553.00,498.00
141,5958333,4,"Object 5",554.00,497.50
142,6000000,4,"Object 5",554.50,497.50
143,6041666,4,"Object 5",555.00,497.00
144,6083333,4,"Object 5",556.00,496.00
145,6125000,4,"Object 5",557.00,495.50
146,6166666,4,"Object 5",557.50,495.00
147,6208333,4,"Object 5",558.00,494.50
148,6250000,4,"Object 5",558.00,494.50
149,6291666,4,"Object 5",558.00,493.50
150,6333333,4,"Object 5",558.50,493.00
151,6375000,4,"Object 5",558.00,492.50
152,6416666,4,"Object 5",558.00,492.50
153,6458333,4,"Object 5",558.00,492.50
154,6500000,4,"Object 5",558.00,492.50
155,6541666,4,"Object 5",557.00,492.00
156,6583333,4,"Object 5",557.00,491.50
157,6625000,4,"Object 5",557.00,491.50
158,6666666,4,"Object 5",556.50,492.50
159,6708333,4,"Object 5",556.00,492.50
160,6750000,4,"Object 5",556.00,492.50
161,6791666,4,"Object 5",556.00,492.50
162,6833333,4,"Object 5",556.50,492.50
163,6875000,4,"Object 5",557.00,492.50
164,6916666,4,"Object 5",557.00,492.00
165,6958333,4,"Object 5",558.00,491.50
166,7000000,4,"Object 5",559.00,490.50
167,7041666,4,"Object 5",559.50,490.00
168,7083333,4,"Object 5",559.50,489.50
169,7125000,4,"Object 5",560.00,490.00
170,7166666,4,"Object 5",559.50,489.00
171,7208333,4,"Object 5",559.00,488.00
172,7250000,4,"Object 5",557.00,487.00
173,7291666,4,"Object 5",553.50,485.50
174,7333333,4,"Object 5",552.00,485.50
175,7375000,4,"Object 5",548.00,486.00
176,7416666,4,"Object 5",544.50,486.50
177,7458333,4,"Object 5",545.50,478.00
178,7500000,4,"Object 5",544.00,477.50
179,7541666,4,"Object 5",545.00,478.00
180,7583333,4,"Object 5",547.00,478.00
181,7625000,4,"Object 5",547.50,479.00
182,7666666,4,"Object 5",548.00,479.00
183,7708333,4,"Object 5",547.50,478.50
184,7750000,4,"Object 5",547.00,477.00
185,7791666,4,"Object 5",545.00,477.00
186,7833333,4,"Object 5",543.00,475.00
187,7875000,4,"Object 5",542.00,473.50
188,7916666,4,"Object 5",541.00,472.50
189,7958333,4,"Object 5",540.50,471.50
190,8000000,4,"Object 5",540.50,471.50
191,8041666,4,"Object 5",540.50,473.00
192,8083333,4,"Object 5",538.50,472.50
193,8125000,4,"Object 5",536.00,474.00
194,8166666,4,"Object 5",534.00,475.00
195,8208333,4,"Object 5",534.00,477.00
196,8250000,4,"Object 5",534.00,478.00
197,8291666,4,"Object 5",534.00,478.00
198,8333333,4,"Object 5",533.00,479.50
199,8375000,4,"Object 5",532.00,481.00
200,8416666,4,"Object 5",532.00,482.00
201,8458333,4,"Object 5",532.00,482.50
202,8500000,4,"Object 5",531.50,483.50
203,8541666,4,"Object 5",530.50,485.00
204,8583333,4,"Object 5",529.50,485.50
205,8625000,4,"Object 5",529.00,486.00
206,8666666,4,"Object 5",528.00,486.00
207,8708333,4,"Object 5",527.00,486.00
208,8750000,4,"Object 5",525.50,487.00
209,8791666,4,"Object 5",525.00,487.50
210,8833333,4,"Object 5",525.00,487.50
211,8875000,4,"Object 5",524.50,488.50
212,8916666,4,"Object 5",524.50,488.00
213,8958333,4,"Object 5",524.50,487.50
214,9000000,4,"Object 5",525.00,487.00
215,9041666,4,"Object 5",525.50,487.50
216,9083333,4,"Object 5",526.00,487.50
217,9125000,4,"Object 5",527.00,487.00
218,9166666,4,"Object 5",527.00,487.50
219,9208333,4,"Object 5",527.00,487.50
220,9250000,4,"Object 5",527.00,487.50
221,9291666,4,"Object 5",526.00,488.00
222,9333333,4,"Object 5",526.00,488.00
223,9375000,4,"Object 5",525.50,488.00
224,9416666,4,"Object 5",525.50,488.00
225,9458333,4,"Object 5",526.00,488.00
226,9500000,4,"Object 5",526.50,488.50
227,9541666,4,"Object 5",526.50,489.00
228,9583333,4,"Object 5",526.50,489.00
229,9625000,4,"Object 5",525.50,489.00
230,9666666,4,"Object 5",526.00,488.50
231,9708333,4,"Object 5",525.00,489.00
232,9750000,4,"Object 5",524.00,489.50
233,9791666,4,"Object 5",523.00,489.50
234,9833333,4,"Object 5",523.00,489.50
235,9875000,4,"Object 5",523.00,490.00
236,9916666,4,"Object 5",522.50,491.00
237,9958333,4,"Object 5",523.00,491.00
238,10000000,4,"Object 5",523.00,491.00
239,10041666,4,"Object 5",523.00,491.00
0,83333,5,"Object 6",992.50,514.50
1,125000,5,"Object 6",993.00,516.00
2,166666,5,"Object 6",994.00,517.00
3,208333,5,"Object 6",993.50,519.50
4,250000,5,"Object 6",994.50,522.50
5,291666,5,"Object 6",994.00,526.50
6,333333,5,"Object 6",991.00,530.00
7,375000,5,"Object 6",990.50,533.00
8,416666,5,"Object 6",989.00,537.50
9,458333,5,"Object 6",986.00,540.00
10,500000,5,"Object 6",984.00,542.00
11,541666,5,"Object 6",983.00,542.50
12,583333,5,"Object 6",981.50,542.00
13,625000,5,"Object 6",978.00,541.50
14,666666,5,"Object 6",978.50,540.00
15,708333,5,"Object 6",976.00,539.00
16,750000,5,"Object 6",973.00,538.50
17,791666,5,"Object 6",973.00,538.00
18,833333,5,"Object 6",968.00,537.50
19,875000,5,"Object 6",964.00,537.50
20,916666,5,"Object 6",961.00,538.00
21,958333,5,"Object 6",959.00,538.00
22,1000000,5,"Object 6",957.00,538.00
23,1041666,5,"Object 6",956.50,537.50
24,1083333,5,"Object 6",955.50,538.00
25,1125000,5,"Object 6",955.00,538.50
26,1166666,5,"Object 6",954.00,539.00
27,1208333,5,"Object 6",953.50,538.00
28,1250000,5,"Object 6",953.00,537.50
29,1291666,5,"Object 6",954.00,538.50
30,1333333,5,"Object 6",953.50,538.00
31,1375000,5,"Object 6",954.00,536.50
32,1416666,5,"Object 6",956.00,536.00
33,1458333,5,"Object 6",959.00,536.50
34,1500000,5,"Object 6",962.50,536.00
35,1541666,5,"Object 6",966.00,536.00
36,1583333,5,"Object 6",971.00,535.50
37,1625000,5,"Object 6",976.50,535.00
38,1666666,5,"Object 6",980.50,536.00
39,1708333,5,"Object 6",984.00,534.50
40,1750000,5,"Object 6",989.50,535.00
41,1791666,5,"Object 6",995.50,534.00
42,1833333,5,"Object 6",998.50,533.50
43,1875000,5,"Object 6",1002.00,532.50
44,1916666,5,"Object 6",1004.00,531.00
45,1958333,5,"Object 6",1004.00,530.00
46,2000000,5,"Object 6",1007.00,528.50
47,2041666,5,"Object 6",1009.00,530.00
48,2083333,5,"Object 6",1010.00,529.50
49,2125000,5,"Object 6",1010.00,529.50
50,2166666,5,"Object 6",1012.00,529.00
51,2208333,5,"Object 6",1013.00,528.50
52,2250000,5,"Object 6",1011.00,529.00
53,2291666,5,"Object 6",1013.00,527.00
54,2333333,5,"Object 6",1014.00,527.00
55,2375000,5,"Object 6",1014.50,527.00
56,2416666,5,"Object 6",1013.50,526.50
57,2458333,5,"Object 6",1011.50,525.00
58,2500000,5,"Object 6",1011.50,524.00
59,2541666,5,"Object 6",1010.50,523.50
60,2583333,5,"Object 6",1010.50,525.00
61,2625000,5,"Object 6",1010.50,524.50
62,2666666,5,"Object 6",1009.00,524.50
63,2708333,5,"Object 6",1011.00,524.50
64,2750000,5,"Object 6",1010.00,526.00
65,2791666,5,"Object 6",1006.50,525.00
66,2833333,5,"Object 6",1007.00,524.50
67,2875000,5,"Object 6",1006.50,526.00
68,2916666,5,"Object 6",1007.00,526.00
69,2958333,5,"Object 6",1005.50,524.50
70,3000000,5,"Object 6",1004.00,523.50
71,3041666,5,"Object 6",1003.50,525.00
72,3083333,5,"Object 6",1002.50,524.50
73,3125000,5,"Object 6",1002.50,524.50
74,3166666,5,"Object 6",1002.00,525.00
75,3208333,5,"Object 6",1001.50,525.00
76,3250000,5,"Object 6",1001.50,525.50
77,3291666,5,"Object 6",1000.50,525.50
78,3333333,5,"Object 6",999.00,524.00
79,3375000,5,"Object 6",999.50,524.50
80,3416666,5,"Object 6",998.50,524.50
81,3458333,5,"Object 6",998.00,523.50
82,3500000,5,"Object 6",997.50,523.50
83,3541666,5,"Object 6",997.00,523.50
84,3583333,5,"Object 6",997.00,523.50
85,3625000,5,"Object 6",996.50,522.50
86,3666666,5,"Object 6",996.50,522.50
87,3708333,5,"Object 6",996.50,522.50
88,3750000,5,"Object 6",995.50,522.50
89,3791666,5,"Object 6",995.50,522.50
90,3833333,5,"Object 6",994.50,522.00
91,3875000,5,"Object 6",994.50,522.50
92,3916666,5,"Object 6",994.00,522.50
93,3958333,5,"Object 6",994.00,522.50
94,4000000,5,"Object 6",994.00,522.50
95,4041666,5,"Object 6",993.50,521.50
96,4083333,5,"Object 6",993.50,521.50
97,4125000,5,"Object 6",994.00,521.00
98,4166666,5,"Object 6",993.50,520.00
99,4208333,5,"Object 6",994.50,519.50
100,4250000,5,"Object 6",994.50,519.00
101,4291666,5,"Object 6",995.00,518.00
102,4333333,5,"Object 6",996.00,517.50
103,4375000,5,"Object 6",996.00,517.00
104,4416666,5,"Object 6",997.00,517.00
105,4458333,5,"Object 6",997.00,516.00
106,4500000,5,"Object 6",997.00,516.00
107,4541666,5,"Object 6",997.00,516.00
108,4583333,5,"Object 6",997.00,516.00
109,4625000,5,"Object 6",997.00,515.50
110,4666666,5,"Object 6",996.50,515.50
111,4708333,5,"Object 6",997.00,515.50
112,4750000,5,"Object 6",997.50,515.50
113,4791666,5,"Object 6",997.50,515.50
114,4833333,5,"Object 6",998.50,516.00
115,4875000,5,"Object 6",999.00,516.00
116,4916666,5,"Object 6",999.50,516.00
117,4958333,5,"Object 6",1000.00,515.50
118,5000000,5,"Object 6",1001.00,516.00
119,5041666,5,"Object 6",1002.00,516.00
120,5083333,5,"Object 6",1002.00,515.50
121,5125000,5,"Object 6",1003.00,516.00
122,5166666,5,"Object 6",1003.50,516.00
123,5208333,5,"Object 6",1004.00,516.00
124,5250000,5,"Object 6",1004.00,515.00
125,5291666,5,"Object 6",1004.00,515.00
126,5333333,5,"Object 6",1005.00,514.50
127,5375000,5,"Object 6",1006.00,515.00
128,5416666,5,"Object 6",1006.50,515.00
129,5458333,5,"Object 6",1007.00,514.50
130,5500000,5,"Object 6",1008.00,514.00
131,5541666,5,"Object 6",1008.50,514.00
132,5583333,5,"Object 6",1009.00,514.00
133,5625000,5,"Object 6",1009.50,514.00
134,5666666,5,"Object 6",1009.00,514.00
135,5708333,5,"Object 6",1009.00,514.00
136,5750000,5,"Object 6",1009.00,514.00
137,5791666,5,"Object 6",1008.50,513.50
138,5833333,5,"Object 6",1008.50,513.50
139,5875000,5,"Object 6",1008.00,513.50
140,5916666,5,"Object 6",1007.50,514.50
141,5958333,5,"Object 6",1007.50,514.50
142,6000000,5,"Object 6",1007.50,514.50
143,6041666,5,"Object 6",1007.50,514.50
144,6083333,5,"Object 6",1008.00,514.50
145,6125000,5,"Object 6",1008.50,514.00
146,6166666,5,"Object 6",1008.50,514.50
147,6208333,5,"Object 6",1008.50,514.50
148,6250000,5,"Object 6",1008.50,514.50
149,6291666,5,"Object 6",1009.00,514.50
150,6333333,5,"Object 6",1009.00,513.50
151,6375000,5,"Object 6",1010.00,513.00
152,6416666,5,"Object 6",1010.00,513.50
153,6458333,5,"Object 6",1010.50,513.00
154,6500000,5,"Object 6",1010.50,513.00
155,6541666,5,"Object 6",1010.50,513.00
156,6583333,5,"Object 6",1011.00,513.00
157,6625000,5,"Object 6",1011.00,513.00
158,6666666,5,"Object 6",1011.00,512.50
159,6708333,5,"Object 6",1011.00,512.50
160,6750000,5,"Object 6",1010.50,512.50
161,6791666,5,"Object 6",1010.50,512.50
162,6833333,5,"Object 6",1010.00,512.00
163,6875000,5,"Object 6",1009.50,511.50
164,6916666,5,"Object 6",1009.00,511.50
165,6958333,5,"Object 6",1009.00,511.50
166,7000000,5,"Object 6",1008.00,511.50
167,7041666,5,"Object 6",1008.00,511.50
168,7083333,5,"Object 6",1006.50,511.50
169,7125000,5,"Object 6",1005.50,511.50
170,7166666,5,"Object 6",1005.50,511.50
171,7208333,5,"Object 6",1004.50,511.00
172,7250000,5,"Object 6",1004.00,511.50
173,7291666,5,"Object 6",1004.00,511.00
174,7333333,5,"Object 6",1004.00,511.00
175,7375000,5,"Object 6",1004.00,511.00
176,7416666,5,"Object 6",1004.00,511.00
177,7458333,5,"Object 6",1003.00,510.00
178,7500000,5,"Object 6",1003.50,509.00
179,7541666,5,"Object 6",1003.50,509.00
180,7583333,5,"Object 6",1003.50,508.00
181,7625000,5,"Object 6",1003.50,508.00
182,7666666,5,"Object 6",1003.00,507.00
183,7708333,5,"Object 6",1003.00,507.00
184,7750000,5,"Object 6",1002.50,506.50
185,7791666,5,"Object 6",1002.00,506.00
186,7833333,5,"Object 6",1001.50,505.50
187,7875000,5,"Object 6",1001.00,504.50
188,7916666,5,"Object 6",1000.50,504.50
189,7958333,5,"Object 6",1000.00,504.50
190,8000000,5,"Object 6",999.50,503.50
191,8041666,5,"Object 6",998.50,504.50
192,8083333,5,"Object 6",997.50,504.00
193,8125000,5,"Object 6",997.50,505.00
194,8166666,5,"Object 6",997.50,504.00
195,8208333,5,"Object 6",998.00,504.00
196,8250000,5,"Object 6",999.00,503.50
197,8291666,5,"Object 6",1000.50,502.50
198,8333333,5,"Object 6",1003.00,501.00
199,8375000,5,"Object 6",1004.50,500.00
200,8416666,5,"Object 6",1006.50,499.50
201,8458333,5,"Object 6",1009.00,499.50
202,8500000,5,"Object 6",1010.50,499.00
203,8541666,5,"Object 6",1011.50,498.00
204,8583333,5,"Object 6",1011.00,497.50
205,8625000,5,"Object 6",1009.50,497.50
206,8666666,5,"Object 6",1008.50,497.50
207,8708333,5,"Object 6",1008.00,500.00
208,8750000,5,"Object 6",1007.00,502.50
209,8791666,5,"Object 6",1005.50,505.50
210,8833333,5,"Object 6",1003.50,509.00
211,8875000,5,"Object 6",1002.50,513.00
212,8916666,5,"Object 6",1001.50,514.50
213,8958333,5,"Object 6",1000.00,517.00
214,9000000,5,"Object 6",999.00,518.50
215,9041666,5,"Object 6",999.00,519.50
216,9083333,5,"Object 6",997.50,520.50
217,9125000,5,"Object 6",997.50,521.50
218,9166666,5,"Object 6",997.00,522.50
219,9208333,5,"Object 6",996.50,522.50
220,9250000,5,"Object 6",996.00,522.50
221,9291666,5,"Object 6",996.00,522.50
222,9333333,5,"Object 6",995.50,523.00
223,9375000,5,"Object 6",995.00,523.00
224,9416666,5,"Object 6",994.50,523.50
225,9458333,5,"Object 6",994.00,524.50
226,9500000,5,"Object 6",993.50,525.50
227,9541666,5,"Object 6",993.50,527.00
228,9583333,5,"Object 6",993.00,525.50
229,9625000,5,"Object 6",993.00,524.50
230,9666666,5,"Object 6",993.00,523.50
231,9708333,5,"Object 6",994.00,523.50
232,9750000,5,"Object 6",994.00,522.00
233,9791666,5,"Object 6",994.50,520.50
234,9833333,5,"Object 6",995.50,519.00
235,9875000,5,"Object 6",996.50,519.50
236,9916666,5,"Object 6",998.00,517.50
237,9958333,5,"Object 6",998.50,517.00
238,10000000,5,"Object 6",999.50,516.50
239,10041666,5,"Object 6",999.50,516.50
0,83333,6,"Object 7",525.50,365.50
1,125000,6,"Object 7",526.00,364.00
2,166666,6,"Object 7",523.50,363.50
3,208333,6,"Object 7",527.00,363.50
4,250000,6,"Object 7",525.00,363.50
5,291666,6,"Object 7",523.50,365.00
6,333333,6,"Object 7",519.00,366.00
7,375000,6,"Object 7",516.50,367.00
8,416666,6,"Object 7",515.00,370.50
9,458333,6,"Object 7",511.00,371.50
10,500000,6,"Object 7",508.50,372.50
11,541666,6,"Object 7",506.50,372.50
12,583333,6,"Object 7",504.00,374.50
13,625000,6,"Object 7",500.00,376.50
14,666666,6,"Object 7",499.00,377.00
15,708333,6,"Object 7",496.00,377.00
16,750000,6,"Object 7",494.50,378.50
17,791666,6,"Object 7",494.00,379.00
18,833333,6,"Object 7",490.00,378.50
19,875000,6,"Object 7",487.00,379.00
20,916666,6,"Object 7",484.50,380.00
21,958333,6,"Object 7",483.50,380.00
22,1000000,6,"Object 7",483.50,380.00
23,1041666,6,"Object 7",483.50,379.50
24,1083333,6,"Object 7",485.00,378.50
25,1125000,6,"Object 7",486.50,379.00
26,1166666,6,"Object 7",487.50,376.50
27,1208333,6,"Object 7",490.00,376.00
28,1250000,6,"Object 7",493.50,376.00
29,1291666,6,"Object 7",496.50,381.50
30,1333333,6,"Object 7",499.00,380.50
31,1375000,6,"Object 7",502.00,381.00
32,1416666,6,"Object 7",504.50,381.00
33,1458333,6,"Object 7",507.50,381.50
34,1500000,6,"Object 7",511.00,382.50
35,1541666,6,"Object 7",514.50,382.50
36,1583333,6,"Object 7",520.50,382.50
37,1625000,6,"Object 7",526.00,382.00
38,1666666,6,"Object 7",530.00,382.50
39,1708333,6,"Object 7",532.00,382.00
40,1750000,6,"Object 7",539.00,381.50
41,1791666,6,"Object 7",544.50,380.00
42,1833333,6,"Object 7",546.50,380.00
43,1875000,6,"Object 7",549.50,379.50
44,1916666,6,"Object 7",552.00,377.50
45,1958333,6,"Object 7",553.00,376.50
46,2000000,6,"Object 7",558.50,374.50
47,2041666,6,"Object 7",563.00,376.50
48,2083333,6,"Object 7",566.50,376.00
49,2125000,6,"Object 7",566.00,376.50
50,2166666,6,"Object 7",567.50,376.00
51,2208333,6,"Object 7",569.00,375.50
52,2250000,6,"Object 7",566.00,376.00
53,2291666,6,"Object 7",567.00,375.00
54,2333333,6,"Object 7",569.00,374.50
55,2375000,6,"Object 7",571.00,373.50
56,2416666,6,"Object 7",570.00,372.00
57,2458333,6,"Object 7",569.00,369.50
58,2500000,6,"Object 7",569.00,367.00
59,2541666,6,"Object 7",569.00,366.50
60,2583333,6,"Object 7",571.50,363.00
61,2625000,6,"Object 7",572.00,361.50
62,2666666,6,"Object 7",572.00,360.50
63,2708333,6,"Object 7",575.50,359.50
64,2750000,6,"Object 7",576.00,361.50
65,2791666,6,"Object 7",573.00,361.50
66,2833333,6,"Object 7",573.50,359.50
67,2875000,6,"Object 7",573.00,360.50
68,2916666,6,"Object 7",573.00,360.50
69,2958333,6,"Object 7",571.50,360.00
70,3000000,6,"Object 7",569.00,358.50
71,3041666,6,"Object 7",569.00,359.00
72,3083333,6,"Object 7",564.50,359.00
73,3125000,6,"Object 7",565.00,358.00
74,3166666,6,"Object 7",565.50,359.50
75,3208333,6,"Object 7",567.50,358.00
76,3250000,6,"Object 7",567.50,358.00
77,3291666,6,"Object 7",568.00,359.00
78,3333333,6,"Object 7",567.00,358.50
79,3375000,6,"Object 7",566.50,361.00
80,3416666,6,"Object 7",567.00,362.00
81,3458333,6,"Object 7",567.50,362.50
82,3500000,6,"Object 7",565.00,363.50
83,3541666,6,"Object 7",565.50,365.00
84,3583333,6,"Object 7",569.00,363.00
85,3625000,6,"Object 7",565.00,359.00
86,3666666,6,"Object 7",560.50,357.00
87,3708333,6,"Object 7",559.00,355.50
88,3750000,6,"Object 7",558.00,354.00
89,3791666,6,"Object 7",571.00,364.50
90,3833333,6,"Object 7",564.50,368.00
91,3875000,6,"Object 7",561.00,368.50
92,3916666,6,"Object 7",553.50,368.50
96,4083333,6,"Object 7",560.50,365.50
97,4125000,6,"Object 7",561.50,366.00
98,4166666,6,"Object 7",563.50,367.00
99,4208333,6,"Object 7",562.50,369.00
100,4250000,6,"Object 7",565.00,370.00
101,4291666,6,"Object 7",566.50,370.00
102,4333333,6,"Object 7",569.50,370.50
103,4375000,6,"Object 7",572.50,370.50
104,4416666,6,"Object 7",571.00,368.00
105,4458333,6,"Object 7",570.00,367.50
106,4500000,6,"Object 7",556.50,361.00
107,4541666,6,"Object 7",565.50,358.50
108,4583333,6,"Object 7",597.00,358.00
109,4625000,6,"Object 7",605.00,364.00
112,4750000,6,"Object 7",606.00,358.50
113,4791666,6,"Object 7",606.50,359.50
114,4833333,6,"Object 7",609.00,359.00
115,4875000,6,"Object 7",613.00,358.50
116,4916666,6,"Object 7",618.00,360.00
117,4958333,6,"Object 7",620.00,361.00
118,5000000,6,"Object 7",625.50,360.00
119,5041666,6,"Object 7",629.50,360.50
120,5083333,6,"Object 7",634.50,363.00
121,5125000,6,"Object 7",636.50,363.00
122,5166666,6,"Object 7",637.50,363.50
123,5208333,6,"Object 7",632.50,363.00
124,5250000,6,"Object 7",637.00,361.00
125,5291666,6,"Object 7",638.00,360.00
126,5333333,6,"Object 7",636.00,360.00
127,5375000,6,"Object 7",635.00,361.00
128,5416666,6,"Object 7",634.00,360.50
129,5458333,6,"Object 7",634.50,361.00
130,5500000,6,"Object 7",635.00,361.50
131,5541666,6,"Object 7",634.50,362.50
132,5583333,6,"Object 7",635.50,364.00
133,5625000,6,"Object 7",636.00,364.00
134,5666666,6,"Object 7",636.00,365.00
135,5708333,6,"Object 7",637.00,365.50
136,5750000,6,"Object 7",636.00,365.50
137,5791666,6,"Object 7",636.00,364.50
138,5833333,6,"Object 7",636.00,363.50
139,5875000,6,"Object 7",637.00,363.00
140,5916666,6,"Object 7",638.50,361.50
141,5958333,6,"Object 7",640.50,360.00
142,6000000,6,"Object 7",644.50,358.00
143,6041666,6,"Object 7",647.50,356.50
144,6083333,6,"Object 7",651.50,355.50
145,6125000,6,"Object 7",654.00,355.50
146,6166666,6,"Object 7",655.00,356.00
147,6208333,6,"Object 7",654.50,356.00
148,6250000,6,"Object 7",654.50,357.00
149,6291666,6,"Object 7",654.00,357.00
150,6333333,6,"Object 7",654.50,356.50
151,6375000,6,"Object 7",656.00,357.50
152,6416666,6,"Object 7",657.50,358.00
153,6458333,6,"Object 7",659.50,358.50
154,6500000,6,"Object 7",661.50,358.00
155,6541666,6,"Object 7",663.50,358.50
156,6583333,6,"Object 7",666.50,358.50
157,6625000,6,"Object 7",667.00,358.50
158,6666666,6,"Object 7",667.50,358.00
159,6708333,6,"Object 7",668.00,357.50
160,6750000,6,"Object 7",668.00,357.50
161,6791666,6,"Object 7",668.00,357.00
162,6833333,6,"Object 7",668.00,356.50
163,6875000,6,"Object 7",668.50,357.00
164,6916666,6,"Object 7",670.00,357.00
165,6958333,6,"Object 7",672.00,357.00
166,7000000,6,"Object 7",673.50,358.00
167,7041666,6,"Object 7",674.00,358.50
168,7083333,6,"Object 7",675.00,360.50
169,7125000,6,"Object 7",675.00,360.50
170,7166666,6,"Object 7",676.00,361.00
171,7208333,6,"Object 7",676.50,361.50
172,7250000,6,"Object 7",677.00,362.50
173,7291666,6,"Object 7",676.50,362.00
174,7333333,6,"Object 7",676.00,362.00
175,7375000,6,"Object 7",676.50,359.50
176,7416666,6,"Object 7",676.50,359.50
177,7458333,6,"Object 7",677.00,359.00
178,7500000,6,"Object 7",677.50,359.00
179,7541666,6,"Object 7",680.00,359.00
180,7583333,6,"Object 7",684.50,359.50
181,7625000,6,"Object 7",686.00,359.50
182,7666666,6,"Object 7",689.50,359.50
183,7708333,6,"Object 7",688.50,361.00
184,7750000,6,"Object 7",691.00,361.00
185,7791666,6,"Object 7",692.50,362.00
186,7833333,6,"Object 7",693.50,361.50
187,7875000,6,"Object 7",695.00,362.00
188,7916666,6,"Object 7",696.50,363.00
189,7958333,6,"Object 7",696.50,363.00
190,8000000,6,"Object 7",697.50,363.00
191,8041666,6,"Object 7",697.50,363.50
192,8083333,6,"Object 7",697.50,363.50
193,8125000,6,"Object 7",697.50,364.00
194,8166666,6,"Object 7",697.00,364.00
195,8208333,6,"Object 7",697.00,363.00
196,8250000,6,"Object 7",696.00,362.00
197,8291666,6,"Object 7",696.00,362.00
198,8333333,6,"Object 7",696.00,362.00
199,8375000,6,"Object 7",695.50,362.00
200,8416666,6,"Object 7",695.00,362.00
201,8458333,6,"Object 7",695.00,362.50
202,8500000,6,"Object 7",694.50,361.50
203,8541666,6,"Object 7",694.00,362.50
204,8583333,6,"Object 7",694.00,363.50
205,8625000,6,"Object 7",694.00,365.00
206,8666666,6,"Object 7",693.50,364.50
207,8708333,6,"Object 7",693.50,365.00
208,8750000,6,"Object 7",694.50,366.50
209,8791666,6,"Object 7",694.50,367.00
210,8833333,6,"Object 7",695.00,367.50
211,8875000,6,"Object 7",695.00,370.00
212,8916666,6,"Object 7",695.00,371.00
213,8958333,6,"Object 7",694.00,372.00
214,9000000,6,"Object 7",693.00,373.00
215,9041666,6,"Object 7",692.50,374.50
216,9083333,6,"Object 7",691.00,373.00
217,9125000,6,"Object 7",690.50,372.50
218,9166666,6,"Object 7",690.50,375.50
219,9208333,6,"Object 7",688.50,378.50
220,9250000,6,"Object 7",689.00,379.00
221,9291666,6,"Object 7",689.00,379.00
222,9333333,6,"Object 7",691.00,376.50
223,9375000,6,"Object 7",688.00,379.00
224,9416666,6,"Object 7",688.50,378.00
225,9458333,6,"Object 7",689.00,377.50
226,9500000,6,"Object 7",689.50,377.00
227,9541666,6,"Object 7",690.00,377.00
228,9583333,6,"Object 7",685.50,379.00
229,9625000,6,"Object 7",685.50,379.50
230,9666666,6,"Object 7",685.00,382.50
231,9708333,6,"Object 7",685.00,383.00
232,9750000,6,"Object 7",685.50,384.50
233,9791666,6,"Object 7",685.50,385.00
234,9833333,6,"Object 7",685.50,383.50
235,9875000,6,"Object 7",684.50,384.50
236,9916666,6,"Object 7",683.50,385.00
237,9958333,6,"Object 7",684.00,386.50
238,10000000,6,"Object 7",689.00,382.50
239,10041666,6,"Object 7",688.00,382.00
13,625000,7,"Object 8",422.50,279.00
14,666666,7,"Object 8",420.50,279.00
15,708333,7,"Object 8",418.00,276.50
16,750000,7,"Object 8",415.50,277.00
17,791666,7,"Object 8",414.50,276.50
18,833333,7,"Object 8",409.00,275.00
19,875000,7,"Object 8",402.50,275.50
20,916666,7,"Object 8",397.00,274.50
21,958333,7,"Object 8",393.00,273.50
22,1000000,7,"Object 8",390.00,273.00
23,1041666,7,"Object 8",387.00,271.50
24,1083333,7,"Object 8",385.00,271.50
25,1125000,7,"Object 8",382.50,272.00
26,1166666,7,"Object 8",379.50,270.50
27,1208333,7,"Object 8",377.00,269.00
28,1250000,7,"Object 8",376.50,267.50
29,1291666,7,"Object 8",376.50,267.50
30,1333333,7,"Object 8",378.00,268.50
31,1375000,7,"Object 8",378.00,268.00
32,1416666,7,"Object 8",378.50,266.50
33,1458333,7,"Object 8",380.00,265.50
34,1500000,7,"Object 8",382.50,264.50
35,1541666,7,"Object 8",384.00,263.50
36,1583333,7,"Object 8",387.00,261.50
37,1625000,7,"Object 8",391.50,261.00
38,1666666,7,"Object 8",394.50,261.00
39,1708333,7,"Object 8",396.00,261.00
40,1750000,7,"Object 8",401.00,260.00
41,1791666,7,"Object 8",406.00,259.50
42,1833333,7,"Object 8",407.50,259.00
43,1875000,7,"Object 8",409.50,258.50
44,1916666,7,"Object 8",411.50,257.00
45,1958333,7,"Object 8",415.00,256.50
46,2000000,7,"Object 8",418.50,256.00
47,2041666,7,"Object 8",421.00,256.00
48,2083333,7,"Object 8",423.50,255.50
49,2125000,7,"Object 8",427.00,255.50
50,2166666,7,"Object 8",428.50,255.50
51,2208333,7,"Object 8",430.00,253.50
52,2250000,7,"Object 8",428.50,255.00
53,2291666,7,"Object 8",430.00,252.00
54,2333333,7,"Object 8",428.50,250.50
55,2375000,7,"Object 8",430.00,251.00
56,2416666,7,"Object 8",429.50,251.00
57,2458333,7,"Object 8",429.00,250.50
58,2500000,7,"Object 8",429.00,250.00
59,2541666,7,"Object 8",430.00,249.50
60,2583333,7,"Object 8",430.00,249.50
61,2625000,7,"Object 8",429.50,249.50
62,2666666,7,"Object 8",430.50,248.50
63,2708333,7,"Object 8",433.00,248.00
64,2750000,7,"Object 8",433.50,248.50
65,2791666,7,"Object 8",431.50,248.00
66,2833333,7,"Object 8",431.50,245.50
67,2875000,7,"Object 8",432.50,247.00
68,2916666,7,"Object 8",434.50,245.50
69,2958333,7,"Object 8",435.00,244.50
70,3000000,7,"Object 8",434.00,243.50
71,3041666,7,"Object 8",434.00,244.00
72,3083333,7,"Object 8",436.50,243.00
73,3125000,7,"Object 8",430.50,242.00
74,3166666,7,"Object 8",431.00,242.50
75,3208333,7,"Object 8",436.00,243.00
76,3250000,7,"Object 8",431.00,240.00
77,3291666,7,"Object 8",433.00,240.00
78,3333333,7,"Object 8",433.00,239.00
79,3375000,7,"Object 8",435.50,239.50
80,3416666,7,"Object 8",437.00,239.50
81,3458333,7,"Object 8",437.00,238.50
82,3500000,7,"Object 8",437.50,238.50
83,3541666,7,"Object 8",438.50,237.50
84,3583333,7,"Object 8",440.00,237.50
85,3625000,7,"Object 8",440.50,236.00
86,3666666,7,"Object 8",441.00,235.50
87,3708333,7,"Object 8",438.50,236.50
88,3750000,7,"Object 8",436.50,237.00
89,3791666,7,"Object 8",444.00,237.50
90,3833333,7,"Object 8",445.50,238.00
91,3875000,7,"Object 8",447.00,239.00
92,3916666,7,"Object 8",449.00,239.50
93,3958333,7,"Object 8",450.00,239.00
94,4000000,7,"Object 8",450.00,241.00
95,4041666,7,"Object 8",450.50,241.00
96,4083333,7,"Object 8",452.00,242.00
97,4125000,7,"Object 8",453.50,241.50
98,4166666,7,"Object 8",453.00,242.00
99,4208333,7,"Object 8",455.50,241.50
100,4250000,7,"Object 8",455.50,242.50
101,4291666,7,"Object 8",460.50,242.00
102,4333333,7,"Object 8",463.00,242.00
103,4375000,7,"Object 8",465.00,242.00
104,4416666,7,"Object 8",465.00,242.50
105,4458333,7,"Object 8",469.00,242.00
106,4500000,7,"Object 8",473.50,242.00
107,4541666,7,"Object 8",478.00,240.00
108,4583333,7,"Object 8",480.00,241.50
109,4625000,7,"Object 8",482.50,241.00
110,4666666,7,"Object 8",484.50,240.50
111,4708333,7,"Object 8",487.00,240.00
112,4750000,7,"Object 8",489.00,240.50
113,4791666,7,"Object 8",492.50,239.00
114,4833333,7,"Object 8",494.00,239.00
115,4875000,7,"Object 8",496.00,239.50
116,4916666,7,"Object 8",498.00,239.00
117,4958333,7,"Object 8",500.00,240.00
118,5000000,7,"Object 8",501.50,239.00
119,5041666,7,"Object 8",503.50,238.50
120,5083333,7,"Object 8",505.00,239.50
121,5125000,7,"Object 8",506.00,239.00
122,5166666,7,"Object 8",507.00,239.00
123,5208333,7,"Object 8",508.00,239.50
124,5250000,7,"Object 8",508.50,239.50
125,5291666,7,"Object 8",509.50,238.50
126,5333333,7,"Object 8",511.50,238.00
127,5375000,7,"Object 8",512.50,238.00
128,5416666,7,"Object 8",512.50,238.00
129,5458333,7,"Object 8",516.00,238.00
130,5500000,7,"Object 8",517.00,238.00
131,5541666,7,"Object 8",518.00,238.00
132,5583333,7,"Object 8",520.50,237.50
133,5625000,7,"Object 8",521.00,237.50
134,5666666,7,"Object 8",522.00,237.50
135,5708333,7,"Object 8",522.50,237.50
136,5750000,7,"Object 8",524.50,237.50
137,5791666,7,"Object 8",524.50,237.50
138,5833333,7,"Object 8",525.50,237.50
139,5875000,7,"Object 8",526.00,237.50
140,5916666,7,"Object 8",527.00,239.00
141,5958333,7,"Object 8",528.00,238.00
142,6000000,7,"Object 8",531.50,237.50
143,6041666,7,"Object 8",526.50,239.50
144,6083333,7,"Object 8",530.50,239.00
145,6125000,7,"Object 8",531.50,239.00
146,6166666,7,"Object 8",533.50,239.00
147,6208333,7,"Object 8",535.50,239.00
148,6250000,7,"Object 8",538.00,240.00
149,6291666,7,"Object 8",539.00,240.00
150,6333333,7,"Object 8",539.00,240.00
151,6375000,7,"Object 8",537.50,240.50
152,6416666,7,"Object 8",540.00,240.50
153,6458333,7,"Object 8",541.00,241.00
154,6500000,7,"Object 8",542.50,240.50
155,6541666,7,"Object 8",544.00,240.50
156,6583333,7,"Object 8",546.50,240.50
157,6625000,7,"Object 8",546.00,240.00
158,6666666,7,"Object 8",551.50,239.50
159,6708333,7,"Object 8",552.00,240.00
160,6750000,7,"Object 8",553.50,239.50
161,6791666,7,"Object 8",554.50,240.00
162,6833333,7,"Object 8",554.00,239.50
163,6875000,7,"Object 8",555.50,240.00
164,6916666,7,"Object 8",557.00,240.00
165,6958333,7,"Object 8",554.50,241.00
166,7000000,7,"Object 8",555.50,240.50
167,7041666,7,"Object 8",557.00,241.50
168,7083333,7,"Object 8",560.50,241.50
169,7125000,7,"Object 8",561.00,241.50
170,7166666,7,"Object 8",563.50,240.50
171,7208333,7,"Object 8",562.50,241.00
172,7250000,7,"Object 8",563.00,242.00
173,7291666,7,"Object 8",564.50,241.50
174,7333333,7,"Object 8",566.00,241.00
175,7375000,7,"Object 8",565.50,241.50
176,7416666,7,"Object 8",567.50,241.50
177,7458333,7,"Object 8",569.50,240.00
178,7500000,7,"Object 8",570.00,241.50
179,7541666,7,"Object 8",571.00,241.50
180,7583333,7,"Object 8",572.00,240.50
181,7625000,7,"Object 8",572.00,240.00
182,7666666,7,"Object 8",572.50,240.50
183,7708333,7,"Object 8",573.50,240.50
184,7750000,7,"Object 8",572.50,240.50
185,7791666,7,"Object 8",573.50,241.00
186,7833333,7,"Object 8",575.00,241.00
187,7875000,7,"Object 8",577.00,240.50
188,7916666,7,"Object 8",576.00,240.50
189,7958333,7,"Object 8",578.00,240.50
190,8000000,7,"Object 8",578.50,241.00
191,8041666,7,"Object 8",578.00,241.00
192,8083333,7,"Object 8",578.00,240.50
193,8125000,7,"Object 8",576.50,240.50
194,8166666,7,"Object 8",576.50,240.50
195,8208333,7,"Object 8",576.50,241.00
196,8250000,7,"Object 8",576.50,241.00
197,8291666,7,"Object 8",576.00,240.00
198,8333333,7,"Object 8",576.00,240.00
199,8375000,7,"Object 8",575.00,240.00
200,8416666,7,"Object 8",575.00,240.00
201,8458333,7,"Object 8",575.50,240.00
202,8500000,7,"Object 8",575.50,239.50
203,8541666,7,"Object 8",575.50,239.50
204,8583333,7,"Object 8",576.00,239.00
205,8625000,7,"Object 8",576.00,239.50
206,8666666,7,"Object 8",574.50,239.50
207,8708333,7,"Object 8",574.50,238.50
208,8750000,7,"Object 8",575.00,240.00
209,8791666,7,"Object 8",575.00,240.00
210,8833333,7,"Object 8",576.50,239.00
211,8875000,7,"Object 8",577.00,239.00
212,8916666,7,"Object 8",576.50,239.50
213,8958333,7,"Object 8",577.00,239.50
214,9000000,7,"Object 8",578.50,239.00
215,9041666,7,"Object 8",578.50,240.00
216,9083333,7,"Object 8",578.50,240.50
217,9125000,7,"Object 8",579.50,240.50
218,9166666,7,"Object 8",580.50,241.00
219,9208333,7,"Object 8",581.50,241.00
220,9250000,7,"Object 8",582.00,241.00
221,9291666,7,"Object 8",582.50,241.00
222,9333333,7,"Object 8",583.00,241.00
223,9375000,7,"Object 8",582.00,241.00
224,9416666,7,"Object 8",584.00,241.00
225,9458333,7,"Object 8",583.50,240.50
226,9500000,7,"Object 8",584.50,240.50
227,9541666,7,"Object 8",584.50,239.50
228,9583333,7,"Object 8",585.00,240.00
229,9625000,7,"Object 8",586.00,240.00
230,9666666,7,"Object 8",586.50,240.00
231,9708333,7,"Object 8",586.50,240.00
232,9750000,7,"Object 8",586.00,240.00
233,9791666,7,"Object 8",586.00,240.00
234,9833333,7,"Object 8",585.50,240.00
235,9875000,7,"Object 8",586.00,240.50
236,9916666,7,"Object 8",586.00,240.50
237,9958333,7,"Object 8",585.50,240.50
238,10000000,7,"Object 8",584.00,240.50
239,10041666,7,"Object 8",584.50,240.50
0,83333,8,"Object 9",309.50,205.50
1,125000,8,"Object 9",308.00,206.00
2,166666,8,"Object 9",308.00,206.50
3,208333,8,"Object 9",306.50,206.50
4,250000,8,"Object 9",305.00,208.50
5,291666,8,"Object 9",302.50,210.50
6,333333,8,"Object 9",297.50,213.50
7,375000,8,"Object 9",295.00,215.00
8,416666,8,"Object 9",292.00,219.00
9,458333,8,"Object 9",286.50,221.00
10,500000,8,"Object 9",283.00,222.50
11,541666,8,"Object 9",279.50,222.50
12,583333,8,"Object 9",277.00,223.00
13,625000,8,"Object 9",272.00,222.50
14,666666,8,"Object 9",271.50,221.50
15,708333,8,"Object 9",268.00,220.50
16,750000,8,"Object 9",266.00,220.50
17,791666,8,"Object 9",263.00,220.00
18,833333,8,"Object 9",257.50,219.50
19,875000,8,"Object 9",252.50,220.00
20,916666,8,"Object 9",248.00,220.00
21,958333,8,"Object 9",245.50,220.50
22,1000000,8,"Object 9",243.00,221.00
23,1041666,8,"Object 9",241.50,221.00
24,1083333,8,"Object 9",240.00,222.00
25,1125000,8,"Object 9",239.00,223.50
26,1166666,8,"Object 9",237.50,224.00
27,1208333,8,"Object 9",237.00,223.50
28,1250000,8,"Object 9",237.00,223.00
29,1291666,8,"Object 9",237.50,224.50
30,1333333,8,"Object 9",237.00,224.00
31,1375000,8,"Object 9",237.50,223.00
32,1416666,8,"Object 9",238.00,222.50
33,1458333,8,"Object 9",241.00,222.50
34,1500000,8,"Object 9",243.00,222.00
35,1541666,8,"Object 9",246.00,221.00
36,1583333,8,"Object 9",250.00,220.50
37,1625000,8,"Object 9",255.00,219.50
38,1666666,8,"Object 9",258.50,220.00
39,1708333,8,"Object 9",261.00,220.50
40,1750000,8,"Object 9",267.00,219.00
41,1791666,8,"Object 9",272.50,218.00
42,1833333,8,"Object 9",276.50,219.00
43,1875000,8,"Object 9",278.00,218.00
44,1916666,8,"Object 9",280.50,217.00
45,1958333,8,"Object 9",280.50,216.00
46,2000000,8,"Object 9",283.00,214.00
47,2041666,8,"Object 9",285.00,214.50
48,2083333,8,"Object 9",285.50,213.50
49,2125000,8,"Object 9",285.00,213.00
50,2166666,8,"Object 9",285.50,213.00
51,2208333,8,"Object 9",286.00,211.50
52,2250000,8,"Object 9",284.50,212.00
53,2291666,8,"Object 9",286.00,210.00
54,2333333,8,"Object 9",287.00,209.00
55,2375000,8,"Object 9",287.00,209.00
56,2416666,8,"Object 9",286.00,208.50
57,2458333,8,"Object 9",284.00,206.00
58,2500000,8,"Object 9",284.00,204.50
59,2541666,8,"Object 9",284.00,204.00
60,2583333,8,"Object 9",284.00,203.50
61,2625000,8,"Object 9",284.00,203.00
62,2666666,8,"Object 9",283.00,202.50
63,2708333,8,"Object 9",285.00,202.00
64,2750000,8,"Object 9",285.00,203.50
65,2791666,8,"Object 9",282.00,203.50
66,2833333,8,"Object 9",282.00,201.50
67,2875000,8,"Object 9",282.00,203.00
68,2916666,8,"Object 9",283.00,201.50
69,2958333,8,"Object 9",282.00,201.50
70,3000000,8,"Object 9",281.00,200.00
71,3041666,8,"Object 9",280.00,200.00
72,3083333,8,"Object 9",278.50,198.50
73,3125000,8,"Object 9",278.00,196.00
74,3166666,8,"Object 9",278.00,196.00
75,3208333,8,"Object 9",278.00,195.00
76,3250000,8,"Object 9",277.50,194.00
77,3291666,8,"Object 9",277.00,194.00
78,3333333,8,"Object 9",276.00,192.00
79,3375000,8,"Object 9",276.00,192.00
80,3416666,8,"Object 9",276.00,191.50
81,3458333,8,"Object 9",275.50,190.00
82,3500000,8,"Object 9",275.00,189.00
83,3541666,8,"Object 9",274.50,189.00
84,3583333,8,"Object 9",274.00,189.00
85,3625000,8,"Object 9",274.00,188.50
86,3666666,8,"Object 9",273.00,188.50
87,3708333,8,"Object 9",273.50,188.50
88,3750000,8,"Object 9",273.00,188.00
89,3791666,8,"Object 9",273.00,188.00
90,3833333,8,"Object 9",273.00,187.50
91,3875000,8,"Object 9",273.00,187.00
92,3916666,8,"Object 9",272.50,186.50
93,3958333,8,"Object 9",272.50,186.00
94,4000000,8,"Object 9",272.00,185.50
95,4041666,8,"Object 9",272.00,184.50
96,4083333,8,"Object 9",272.00,184.00
97,4125000,8,"Object 9",272.00,184.00
98,4166666,8,"Object 9",271.50,184.00
99,4208333,8,"Object 9",271.00,183.50
100,4250000,8,"Object 9",271.00,183.50
101,4291666,8,"Object 9",271.50,183.00
102,4333333,8,"Object 9",271.00,183.00
103,4375000,8,"Object 9",270.00,183.00
104,4416666,8,"Object 9",270.00,183.00
105,4458333,8,"Object 9",270.50,183.00
106,4500000,8,"Object 9",270.00,183.00
107,4541666,8,"Object 9",270.00,183.00
108,4583333,8,"Object 9",270.50,184.00
109,4625000,8,"Object 9",270.50,184.00
110,4666666,8,"Object 9",269.50,183.00
111,4708333,8,"Object 9",269.50,183.00
112,4750000,8,"Object 9",269.50,183.00
113,4791666,8,"Object 9",269.50,182.50
114,4833333,8,"Object 9",269.50,182.50
115,4875000,8,"Object 9",269.50,182.50
116,4916666,8,"Object 9",270.50,181.50
117,4958333,8,"Object 9",269.50,181.00
118,5000000,8,"Object 9",269.50,180.50
119,5041666,8,"Object 9",270.00,180.50
120,5083333,8,"Object 9",269.50,179.50
121,5125000,8,"Object 9",269.50,179.50
122,5166666,8,"Object 9",269.50,179.50
123,5208333,8,"Object 9",269.50,179.50
124,5250000,8,"Object 9",269.50,179.50
125,5291666,8,"Object 9",269.00,179.50
126,5333333,8,"Object 9",269.00,179.00
127,5375000,8,"Object 9",269.00,178.50
128,5416666,8,"Object 9",269.50,178.50
129,5458333,8,"Object 9",269.50,178.50
130,5500000,8,"Object 9",269.50,179.00
131,5541666,8,"Object 9",269.50,179.00
132,5583333,8,"Object 9",269.50,179.50
133,5625000,8,"Object 9",269.50,179.50
134,5666666,8,"Object 9",269.50,180.00
135,5708333,8,"Object 9",269.50,179.00
136,5750000,8,"Object 9",269.50,179.00
137,5791666,8,"Object 9",269.50,178.50
138,5833333,8,"Object 9",269.50,178.00
139,5875000,8,"Object 9",269.50,178.00
140,5916666,8,"Object 9",269.50,178.50
141,5958333,8,"Object 9",269.50,177.50
142,6000000,8,"Object 9",270.00,177.00
143,6041666,8,"Object 9",270.00,177.00
144,6083333,8,"Object 9",270.50,176.00
145,6125000,8,"Object 9",271.50,176.50
146,6166666,8,"Object 9",271.50,177.50
147,6208333,8,"Object 9",271.50,177.50
148,6250000,8,"Object 9",271.50,177.50
149,6291666,8,"Object 9",271.50,177.50
150,6333333,8,"Object 9",272.00,177.00
151,6375000,8,"Object 9",272.50,177.00
152,6416666,8,"Object 9",273.00,177.00
153,6458333,8,"Object 9",273.00,177.00
154,6500000,8,"Object 9",273.00,176.50
155,6541666,8,"Object 9",273.00,176.50
156,6583333,8,"Object 9",273.00,176.00
157,6625000,8,"Object 9",273.00,175.50
158,6666666,8,"Object 9",274.00,175.50
159,6708333,8,"Object 9",274.50,175.50
160,6750000,8,"Object 9",275.00,175.00
161,6791666,8,"Object 9",275.50,176.00
162,6833333,8,"Object 9",275.50,175.50
163,6875000,8,"Object 9",276.50,175.50
164,6916666,8,"Object 9",276.50,175.50
165,6958333,8,"Object 9",277.00,175.50
166,7000000,8,"Object 9",277.00,176.00
167,7041666,8,"Object 9",277.00,176.00
168,7083333,8,"Object 9",278.00,176.50
169,7125000,8,"Object 9",278.00,176.00
170,7166666,8,"Object 9",278.00,176.00
171,7208333,8,"Object 9",278.50,175.50
172,7250000,8,"Object 9",278.50,175.50
173,7291666,8,"Object 9",279.00,175.00
174,7333333,8,"Object 9",279.00,174.50
175,7375000,8,"Object 9",279.50,174.50
176,7416666,8,"Object 9",279.50,174.50
177,7458333,8,"Object 9",280.50,174.00
178,7500000,8,"Object 9",280.50,174.00
179,7541666,8,"Object 9",281.00,174.50
180,7583333,8,"Object 9",281.50,174.00
181,7625000,8,"Object 9",281.50,174.00
182,7666666,8,"Object 9",281.50,174.00
183,7708333,8,"Object 9",282.50,174.50
184,7750000,8,"Object 9",282.50,174.00
185,7791666,8,"Object 9",282.50,174.50
186,7833333,8,"Object 9",282.50,174.50
187,7875000,8,"Object 9",282.50,174.50
188,7916666,8,"Object 9",282.50,174.50
189,7958333,8,"Object 9",282.50,174.50
190,8000000,8,"Object 9",282.50,173.50
191,8041666,8,"Object 9",282.00,174.00
192,8083333,8,"Object 9",281.00,173.50
193,8125000,8,"Object 9",281.00,174.00
194,8166666,8,"Object 9",280.00,173.50
195,8208333,8,"Object 9",279.50,173.50
196,8250000,8,"Object 9",278.50,174.00
197,8291666,8,"Object 9",278.00,174.00
198,8333333,8,"Object 9",278.00,174.00
199,8375000,8,"Object 9",277.00,174.00
200,8416666,8,"Object 9",277.00,174.00
201,8458333,8,"Object 9",277.00,174.00
202,8500000,8,"Object 9",276.50,174.00
203,8541666,8,"Object 9",276.50,174.50
204,8583333,8,"Object 9",275.00,173.50
205,8625000,8,"Object 9",274.00,173.50
206,8666666,8,"Object 9",273.00,173.50
207,8708333,8,"Object 9",273.00,173.00
208,8750000,8,"Object 9",272.50,173.00
209,8791666,8,"Object 9",272.00,173.00
210,8833333,8,"Object 9",271.50,172.00
211,8875000,8,"Object 9",271.00,173.00
212,8916666,8,"Object 9",270.50,173.00
213,8958333,8,"Object 9",270.00,172.50
214,9000000,8,"Object 9",269.00,172.50
215,9041666,8,"Object 9",269.00,172.50
216,9083333,8,"Object 9",268.50,173.00
217,9125000,8,"Object 9",268.00,172.50
218,9166666,8,"Object 9",268.00,173.00
219,9208333,8,"Object 9",268.00,173.00
220,9250000,8,"Object 9",268.00,173.00
221,9291666,8,"Object 9",268.00,173.00
222,9333333,8,"Object 9",268.00,172.50
223,9375000,8,"Object 9",267.00,172.50
224,9416666,8,"Object 9",267.00,172.50
225,9458333,8,"Object 9",267.00,172.50
226,9500000,8,"Object 9",267.00,172.50
227,9541666,8,"Object 9",267.00,172.50
228,9583333,8,"Object 9",267.00,172.50
229,9625000,8,"Object 9",267.00,172.00
230,9666666,8,"Object 9",267.00,172.00
231,9708333,8,"Object 9",267.00,172.00
232,9750000,8,"Object 9",267.00,172.00
233,9791666,8,"Object 9",267.50,173.00
234,9833333,8,"Object 9",268.00,173.00
235,9875000,8,"Object 9",268.00,173.00
236,9916666,8,"Object 9",268.00,173.00
237,9958333,8,"Object 9",268.00,173.00
238,10000000,8,"Object 9",268.00,173.00
239,10041666,8,"Object 9",268.00,172.50
0,83333,9,"Object 10",553.50,192.50
1,125000,9,"Object 10",553.50,193.50
2,166666,9,"Object 10",553.50,193.50
3,208333,9,"Object 10",552.50,194.00
4,250000,9,"Object 10",551.50,195.50
5,291666,9,"Object 10",550.00,199.00
6,333333,9,"Object 10",546.50,200.50
7,375000,9,"Object 10",543.50,202.50
8,416666,9,"Object 10",541.00,206.00
9,458333,9,"Object 10",536.50,208.00
10,500000,9,"Object 10",533.50,209.50
11,541666,9,"Object 10",530.50,210.00
12,583333,9,"Object 10",528.00,209.50
13,625000,9,"Object 10",525.00,209.50
14,666666,9,"Object 10",524.50,208.00
15,708333,9,"Object 10",520.50,207.00
16,750000,9,"Object 10",517.50,207.50
17,791666,9,"Object 10",515.00,207.00
18,833333,9,"Object 10",509.50,206.50
19,875000,9,"Object 10",504.00,207.00
20,916666,9,"Object 10",499.50,207.50
21,958333,9,"Object 10",497.50,207.50
22,1000000,9,"Object 10",495.00,209.00
23,1041666,9,"Object 10",493.50,209.00
24,1083333,9,"Object 10",492.00,209.50
25,1125000,9,"Object 10",491.50,210.00
26,1166666,9,"Object 10",489.50,210.50
27,1208333,9,"Object 10",489.00,210.00
28,1250000,9,"Object 10",489.50,209.50
29,1291666,9,"Object 10",489.50,210.50
30,1333333,9,"Object 10",488.50,210.50
31,1375000,9,"Object 10",488.50,210.00
32,1416666,9,"Object 10",490.50,209.50
33,1458333,9,"Object 10",493.00,209.50
34,1500000,9,"Object 10",496.00,209.00
35,1541666,9,"Object 10",497.50,209.00
36,1583333,9,"Object 10",502.50,209.00
37,1625000,9,"Object 10",507.50,208.00
38,1666666,9,"Object 10",511.00,208.50
39,1708333,9,"Object 10",512.50,208.50
40,1750000,9,"Object 10",519.00,207.50
41,1791666,9,"Object 10",524.50,206.50
42,1833333,9,"Object 10",527.50,206.00
43,1875000,9,"Object 10",529.50,205.00
44,1916666,9,"Object 10",532.50,203.50
45,1958333,9,"Object 10",532.50,202.00
46,2000000,9,"Object 10",534.00,200.50
47,2041666,9,"Object 10",536.00,201.50
48,2083333,9,"Object 10",536.50,200.50
49,2125000,9,"Object 10",536.00,199.50
50,2166666,9,"Object 10",536.50,200.00
51,2208333,9,"Object 10",538.50,198.50
52,2250000,9,"Object 10",536.50,200.00
53,2291666,9,"Object 10",537.50,198.00
54,2333333,9,"Object 10",538.50,198.00
55,2375000,9,"Object 10",539.50,198.00
56,2416666,9,"Object 10",538.00,198.00
57,2458333,9,"Object 10",536.50,196.00
58,2500000,9,"Object 10",536.50,195.00
59,2541666,9,"Object 10",536.00,194.50
60,2583333,9,"Object 10",536.50,194.50
61,2625000,9,"Object 10",536.00,194.50
62,2666666,9,"Object 10",535.00,193.50
63,2708333,9,"Object 10",537.00,193.00
64,2750000,9,"Object 10",537.00,194.00
65,2791666,9,"Object 10",533.50,193.50
66,2833333,9,"Object 10",533.00,191.50
67,2875000,9,"Object 10",532.50,193.50
68,2916666,9,"Object 10",533.50,191.50
69,2958333,9,"Object 10",532.50,191.50
70,3000000,9,"Object 10",531.50,189.50
71,3041666,9,"Object 10",531.00,190.50
72,3083333,9,"Object 10",530.50,189.50
73,3125000,9,"Object 10",529.50,187.00
74,3166666,9,"Object 10",530.50,187.50
75,3208333,9,"Object 10",529.00,187.50
76,3250000,9,"Object 10",529.00,186.50
77,3291666,9,"Object 10",529.00,186.50
78,3333333,9,"Object 10",527.50,184.50
79,3375000,9,"Object 10",527.50,184.50
80,3416666,9,"Object 10",527.50,184.50
81,3458333,9,"Object 10",527.50,183.00
82,3500000,9,"Object 10",527.50,183.00
83,3541666,9,"Object 10",527.50,182.50
84,3583333,9,"Object 10",527.50,183.00
85,3625000,9,"Object 10",526.50,182.00
86,3666666,9,"Object 10",526.00,181.50
87,3708333,9,"Object 10",526.00,181.50
88,3750000,9,"Object 10",526.00,180.50
89,3791666,9,"Object 10",526.00,180.50
90,3833333,9,"Object 10",525.00,179.50
91,3875000,9,"Object 10",524.50,179.50
92,3916666,9,"Object 10",524.50,179.50
93,3958333,9,"Object 10",524.50,179.50
94,4000000,9,"Object 10",524.50,179.50
95,4041666,9,"Object 10",524.50,179.00
96,4083333,9,"Object 10",524.50,179.00
97,4125000,9,"Object 10",524.00,178.50
98,4166666,9,"Object 10",523.00,178.50
99,4208333,9,"Object 10",523.00,178.00
100,4250000,9,"Object 10",523.00,177.50
101,4291666,9,"Object 10",523.00,177.50
102,4333333,9,"Object 10",523.00,177.00
103,4375000,9,"Object 10",522.50,176.00
104,4416666,9,"Object 10",522.50,176.00
105,4458333,9,"Object 10",522.00,176.00
106,4500000,9,"Object 10",521.50,175.50
107,4541666,9,"Object 10",521.50,175.50
108,4583333,9,"Object 10",522.00,175.50
109,4625000,9,"Object 10",522.00,175.50
110,4666666,9,"Object 10",522.00,175.00
111,4708333,9,"Object 10",522.00,175.00
112,4750000,9,"Object 10",522.00,176.00
113,4791666,9,"Object 10",522.00,175.00
114,4833333,9,"Object 10",522.00,175.00
115,4875000,9,"Object 10",522.50,175.00
116,4916666,9,"Object 10",522.50,174.50
117,4958333,9,"Object 10",522.50,174.00
118,5000000,9,"Object 10",522.50,174.00
119,5041666,9,"Object 10",522.50,174.00
120,5083333,9,"Object 10",522.50,173.50
121,5125000,9,"Object 10",522.50,173.00
122,5166666,9,"Object 10",522.00,173.00
123,5208333,9,"Object 10",522.00,173.00
124,5250000,9,"Object 10",522.00,173.00
125,5291666,9,"Object 10",521.50,173.00
126,5333333,9,"Object 10",521.50,172.00
127,5375000,9,"Object 10",521.00,172.00
128,5416666,9,"Object 10",521.50,172.00
129,5458333,9,"Object 10",522.00,172.00
130,5500000,9,"Object 10",522.00,171.00
131,5541666,9,"Object 10",522.00,171.00
132,5583333,9,"Object 10",522.00,171.00
133,5625000,9,"Object 10",522.00,170.50
134,5666666,9,"Object 10",522.00,170.50
135,5708333,9,"Object 10",522.00,170.50
136,5750000,9,"Object 10",522.00,171.00
137,5791666,9,"Object 10",522.00,171.00
138,5833333,9,"Object 10",522.00,170.50
139,5875000,9,"Object 10",522.50,171.00
140,5916666,9,"Object 10",522.50,171.00
141,5958333,9,"Object 10",522.00,171.00
142,6000000,9,"Object 10",523.00,171.00
143,6041666,9,"Object 10",523.00,170.50
144,6083333,9,"Object 10",523.00,170.50
145,6125000,9,"Object 10",524.00,170.50
146,6166666,9,"Object 10",524.00,170.50
147,6208333,9,"Object 10",524.50,170.00
148,6250000,9,"Object 10",524.00,169.50
149,6291666,9,"Object 10",524.00,169.50
150,6333333,9,"Object 10",524.00,170.00
151,6375000,9,"Object 10",524.00,169.50
152,6416666,9,"Object 10",524.00,170.00
153,6458333,9,"Object 10",524.50,169.50
154,6500000,9,"Object 10",525.00,169.00
155,6541666,9,"Object 10",525.00,169.00
156,6583333,9,"Object 10",526.50,168.50
157,6625000,9,"Object 10",526.00,168.50
158,6666666,9,"Object 10",526.50,168.50
159,6708333,9,"Object 10",527.00,169.00
160,6750000,9,"Object 10",527.00,168.50
161,6791666,9,"Object 10",527.50,169.00
162,6833333,9,"Object 10",527.50,168.50
163,6875000,9,"Object 10",527.50,168.50
164,6916666,9,"Object 10",528.00,168.00
165,6958333,9,"Object 10",528.00,168.00
166,7000000,9,"Object 10",529.00,168.00
167,7041666,9,"Object 10",529.00,168.50
168,7083333,9,"Object 10",529.00,168.50
169,7125000,9,"Object 10",529.00,168.50
170,7166666,9,"Object 10",530.00,168.50
171,7208333,9,"Object 10",530.00,168.50
172,7250000,9,"Object 10",531.00,168.50
173,7291666,9,"Object 10",531.00,168.00
174,7333333,9,"Object 10",531.00,168.00
175,7375000,9,"Object 10",532.00,168.00
176,7416666,9,"Object 10",532.00,168.00
177,7458333,9,"Object 10",532.00,167.50
178,7500000,9,"Object 10",532.50,166.50
179,7541666,9,"Object 10",532.50,167.00
180,7583333,9,"Object 10",533.00,166.50
181,7625000,9,"Object 10",533.00,167.00
182,7666666,9,"Object 10",533.50,167.00
183,7708333,9,"Object 10",533.50,167.00
184,7750000,9,"Object 10",533.00,167.00
185,7791666,9,"Object 10",533.00,167.50
186,7833333,9,"Object 10",533.00,167.50
187,7875000,9,"Object 10",533.50,167.00
188,7916666,9,"Object 10",533.50,167.00
189,7958333,9,"Object 10",533.50,167.00
190,8000000,9,"Object 10",534.00,167.50
191,8041666,9,"Object 10",533.50,167.50
192,8083333,9,"Object 10",532.50,166.50
193,8125000,9,"Object 10",532.50,167.00
194,8166666,9,"Object 10",532.00,166.50
195,8208333,9,"Object 10",531.00,166.00
196,8250000,9,"Object 10",530.00,166.50
197,8291666,9,"Object 10",529.50,166.50
198,8333333,9,"Object 10",529.00,166.50
199,8375000,9,"Object 10",529.00,166.50
200,8416666,9,"Object 10",528.00,166.00
201,8458333,9,"Object 10",528.00,167.00
202,8500000,9,"Object 10",528.00,166.50
203,8541666,9,"Object 10",527.50,166.50
204,8583333,9,"Object 10",526.50,166.50
205,8625000,9,"Object 10",526.00,167.00
206,8666666,9,"Object 10",525.00,167.00
207,8708333,9,"Object 10",524.50,166.00
208,8750000,9,"Object 10",524.00,166.50
209,8791666,9,"Object 10",523.00,166.50
210,8833333,9,"Object 10",522.50,165.50
211,8875000,9,"Object 10",522.50,165.50
212,8916666,9,"Object 10",522.00,165.50
213,8958333,9,"Object 10",522.00,165.00
214,9000000,9,"Object 10",521.00,164.50
215,9041666,9,"Object 10",521.00,165.00
216,9083333,9,"Object 10",520.00,166.00
217,9125000,9,"Object 10",520.00,165.00
218,9166666,9,"Object 10",520.00,166.00
219,9208333,9,"Object 10",520.00,166.00
220,9250000,9,"Object 10",520.00,166.00
221,9291666,9,"Object 10",520.00,166.00
222,9333333,9,"Object 10",519.50,166.00
223,9375000,9,"Object 10",519.00,166.00
224,9416666,9,"Object 10",519.00,166.00
225,9458333,9,"Object 10",519.00,166.00
226,9500000,9,"Object 10",519.00,166.50
227,9541666,9,"Object 10",519.00,165.50
228,9583333,9,"Object 10",519.00,166.00
229,9625000,9,"Object 10",519.00,165.50
230,9666666,9,"Object 10",519.00,165.00
231,9708333,9,"Object 10",519.00,165.00
232,9750000,9,"Object 10",519.00,165.00
233,9791666,9,"Object 10",519.00,165.50
234,9833333,9,"Object 10",519.00,165.50
235,9875000,9,"Object 10",519.50,165.50
236,9916666,9,"Object 10",519.50,165.00
237,9958333,9,"Object 10",520.00,165.00
238,10000000,9,"Object 10",520.00,165.00
239,10041666,9,"Object 10",520.00,165.00
0,83333,10,"Object 11",836.00,289.00
1,125000,10,"Object 11",836.00,289.50
2,166666,10,"Object 11",836.50,289.50
3,208333,10,"Object 11",835.50,290.50
4,250000,10,"Object 11",836.00,293.00
5,291666,10,"Object 11",835.00,296.00
6,333333,10,"Object 11",831.50,297.00
7,375000,10,"Object 11",829.50,299.00
8,416666,10,"Object 11",827.50,303.50
9,458333,10,"Object 11",825.50,306.00
10,500000,10,"Object 11",823.50,306.50
11,541666,10,"Object 11",821.50,307.00
12,583333,10,"Object 11",819.50,307.50
13,625000,10,"Object 11",815.50,307.00
14,666666,10,"Object 11",816.00,306.00
15,708333,10,"Object 11",812.50,304.00
16,750000,10,"Object 11",809.00,304.00
17,791666,10,"Object 11",807.00,304.50
18,833333,10,"Object 11",802.50,304.50
19,875000,10,"Object 11",795.00,305.00
20,916666,10,"Object 11",791.00,304.50
21,958333,10,"Object 11",787.00,305.00
22,1000000,10,"Object 11",785.00,306.50
23,1041666,10,"Object 11",784.00,306.00
24,1083333,10,"Object 11",782.50,306.50
25,1125000,10,"Object 11",781.00,307.50
26,1166666,10,"Object 11",780.00,307.50
27,1208333,10,"Object 11",780.00,306.50
28,1250000,10,"Object 11",780.00,306.00
29,1291666,10,"Object 11",780.00,307.50
30,1333333,10,"Object 11",780.50,307.00
31,1375000,10,"Object 11",780.50,307.00
32,1416666,10,"Object 11",782.50,306.50
33,1458333,10,"Object 11",784.50,306.50
34,1500000,10,"Object 11",786.50,306.50
35,1541666,10,"Object 11",789.00,306.00
36,1583333,10,"Object 11",793.50,306.50
37,1625000,10,"Object 11",799.50,306.00
38,1666666,10,"Object 11",802.50,306.50
39,1708333,10,"Object 11",804.50,306.00
40,1750000,10,"Object 11",810.00,304.50
41,1791666,10,"Object 11",815.00,305.00
42,1833333,10,"Object 11",819.50,305.00
43,1875000,10,"Object 11",821.50,304.00
44,1916666,10,"Object 11",822.50,302.50
45,1958333,10,"Object 11",822.50,301.00
46,2000000,10,"Object 11",824.00,299.50
47,2041666,10,"Object 11",826.00,300.00
48,2083333,10,"Object 11",826.50,298.00
49,2125000,10,"Object 11",826.50,298.50
50,2166666,10,"Object 11",827.00,298.00
51,2208333,10,"Object 11",829.50,297.00
52,2250000,10,"Object 11",826.50,298.50
53,2291666,10,"Object 11",827.50,296.50
54,2333333,10,"Object 11",828.50,296.00
55,2375000,10,"Object 11",828.50,296.50
56,2416666,10,"Object 11",827.00,296.50
57,2458333,10,"Object 11",825.50,295.50
58,2500000,10,"Object 11",824.50,295.00
59,2541666,10,"Object 11",824.50,295.00
60,2583333,10,"Object 11",825.50,295.50
61,2625000,10,"Object 11",825.50,295.50
62,2666666,10,"Object 11",825.00,294.50
63,2708333,10,"Object 11",826.50,293.50
64,2750000,10,"Object 11",826.50,295.00
65,2791666,10,"Object 11",824.50,295.00
66,2833333,10,"Object 11",824.00,293.50
67,2875000,10,"Object 11",824.00,294.50
68,2916666,10,"Object 11",825.00,293.50
69,2958333,10,"Object 11",824.00,293.50
70,3000000,10,"Object 11",822.50,292.50
71,3041666,10,"Object 11",822.00,292.00
72,3083333,10,"Object 11",820.00,290.50
73,3125000,10,"Object 11",820.00,289.50
74,3166666,10,"Object 11",819.50,290.50
75,3208333,10,"Object 11",819.00,290.00
76,3250000,10,"Object 11",818.00,289.50
77,3291666,10,"Object 11",818.00,290.00
78,3333333,10,"Object 11",816.50,289.00
79,3375000,10,"Object 11",816.50,289.50
80,3416666,10,"Object 11",816.50,289.50
81,3458333,10,"Object 11",815.50,288.50
82,3500000,10,"Object 11",816.00,288.50
83,3541666,10,"Object 11",815.50,287.50
84,3583333,10,"Object 11",816.00,287.50
85,3625000,10,"Object 11",815.50,286.50
86,3666666,10,"Object 11",815.50,286.00
87,3708333,10,"Object 11",815.50,286.50
88,3750000,10,"Object 11",815.50,286.00
89,3791666,10,"Object 11",815.50,286.00
90,3833333,10,"Object 11",814.50,286.00
91,3875000,10,"Object 11",814.00,286.00
92,3916666,10,"Object 11",814.50,286.00
93,3958333,10,"Object 11",814.00,286.00
94,4000000,10,"Object 11",813.50,286.00
95,4041666,10,"Object 11",814.00,285.50
96,4083333,10,"Object 11",813.50,285.00
97,4125000,10,"Object 11",813.00,284.50
98,4166666,10,"Object 11",813.00,284.00
99,4208333,10,"Object 11",813.00,283.00
100,4250000,10,"Object 11",813.00,283.00
101,4291666,10,"Object 11",812.00,282.00
102,4333333,10,"Object 11",812.00,281.50
103,4375000,10,"Object 11",812.50,281.00
104,4416666,10,"Object 11",812.50,281.50
105,4458333,10,"Object 11",812.50,281.50
106,4500000,10,"Object 11",812.50,281.00
107,4541666,10,"Object 11",812.50,281.00
108,4583333,10,"Object 11",812.50,281.00
109,4625000,10,"Object 11",812.00,280.50
110,4666666,10,"Object 11",811.50,279.00
111,4708333,10,"Object 11",811.50,279.00
112,4750000,10,"Object 11",810.50,279.00
113,4791666,10,"Object 11",810.00,279.00
114,4833333,10,"Object 11",809.50,278.00
115,4875000,10,"Object 11",809.50,278.00
116,4916666,10,"Object 11",809.50,277.50
117,4958333,10,"Object 11",809.50,277.50
118,5000000,10,"Object 11",809.50,277.00
119,5041666,10,"Object 11",810.50,277.00
120,5083333,10,"Object 11",810.50,277.00
121,5125000,10,"Object 11",811.50,276.50
122,5166666,10,"Object 11",811.50,276.50
123,5208333,10,"Object 11",811.50,276.50
124,5250000,10,"Object 11",811.50,277.00
125,5291666,10,"Object 11",811.50,276.50
126,5333333,10,"Object 11",811.50,276.00
127,5375000,10,"Object 11",811.00,276.00
128,5416666,10,"Object 11",810.50,276.00
129,5458333,10,"Object 11",810.50,276.00
130,5500000,10,"Object 11",809.50,276.00
131,5541666,10,"Object 11",809.50,276.00
132,5583333,10,"Object 11",809.50,275.50
133,5625000,10,"Object 11",809.50,275.00
134,5666666,10,"Object 11",809.50,275.50
135,5708333,10,"Object 11",810.00,275.00
136,5750000,10,"Object 11",810.50,274.50
137,5791666,10,"Object 11",810.50,274.50
138,5833333,10,"Object 11",811.50,274.00
139,5875000,10,"Object 11",812.00,274.00
140,5916666,10,"Object 11",812.50,274.50
141,5958333,10,"Object 11",813.00,274.00
142,6000000,10,"Object 11",813.50,274.00
143,6041666,10,"Object 11",813.50,274.50
144,6083333,10,"Object 11",814.00,273.50
145,6125000,10,"Object 11",814.00,273.50
146,6166666,10,"Object 11",813.00,274.00
147,6208333,10,"Object 11",812.00,273.50
148,6250000,10,"Object 11",812.00,273.50
149,6291666,10,"Object 11",811.50,274.50
150,6333333,10,"Object 11",811.00,274.00
151,6375000,10,"Object 11",811.00,274.50
152,6416666,10,"Object 11",811.00,274.50
153,6458333,10,"Object 11",811.00,274.00
154,6500000,10,"Object 11",811.00,274.00
155,6541666,10,"Object 11",811.00,274.00
156,6583333,10,"Object 11",813.00,273.50
157,6625000,10,"Object 11",814.00,272.50
158,6666666,10,"Object 11",814.50,273.50
159,6708333,10,"Object 11",816.00,274.00
160,6750000,10,"Object 11",817.00,273.50
161,6791666,10,"Object 11",817.50,273.50
162,6833333,10,"Object 11",817.50,273.50
163,6875000,10,"Object 11",818.50,273.00
164,6916666,10,"Object 11",818.50,273.00
165,6958333,10,"Object 11",819.50,273.00
166,7000000,10,"Object 11",819.50,273.00
167,7041666,10,"Object 11",819.50,273.00
168,7083333,10,"Object 11",819.50,273.00
169,7125000,10,"Object 11",820.00,273.50
170,7166666,10,"Object 11",820.00,273.00
171,7208333,10,"Object 11",820.00,272.50
172,7250000,10,"Object 11",820.00,272.00
173,7291666,10,"Object 11",820.00,272.00
174,7333333,10,"Object 11",820.50,271.50
175,7375000,10,"Object 11",821.00,271.50
176,7416666,10,"Object 11",821.50,271.00
177,7458333,10,"Object 11",821.50,271.50
178,7500000,10,"Object 11",822.00,271.50
179,7541666,10,"Object 11",822.00,271.50
180,7583333,10,"Object 11",822.00,271.50
181,7625000,10,"Object 11",822.00,271.50
182,7666666,10,"Object 11",822.50,271.50
183,7708333,10,"Object 11",822.50,272.00
184,7750000,10,"Object 11",822.00,271.50
185,7791666,10,"Object 11",822.00,272.00
186,7833333,10,"Object 11",822.00,272.00
187,7875000,10,"Object 11",822.50,271.00
188,7916666,10,"Object 11",822.50,271.00
189,7958333,10,"Object 11",822.50,271.00
190,8000000,10,"Object 11",822.50,270.50
191,8041666,10,"Object 11",822.50,271.00
192,8083333,10,"Object 11",822.00,271.00
193,8125000,10,"Object 11",821.50,271.00
194,8166666,10,"Object 11",821.50,271.00
195,8208333,10,"Object 11",820.50,271.00
196,8250000,10,"Object 11",820.00,271.00
197,8291666,10,"Object 11",819.50,270.50
198,8333333,10,"Object 11",819.00,270.00
199,8375000,10,"Object 11",818.00,269.50
200,8416666,10,"Object 11",818.00,269.00
201,8458333,10,"Object 11",818.00,270.00
202,8500000,10,"Object 11",818.00,270.50
203,8541666,10,"Object 11",818.00,271.00
204,8583333,10,"Object 11",816.50,271.00
205,8625000,10,"Object 11",816.00,271.50
206,8666666,10,"Object 11",815.50,271.50
207,8708333,10,"Object 11",815.50,271.50
208,8750000,10,"Object 11",815.00,271.50
209,8791666,10,"Object 11",813.50,271.50
210,8833333,10,"Object 11",813.00,270.00
211,8875000,10,"Object 11",812.00,270.50
212,8916666,10,"Object 11",811.00,270.50
213,8958333,10,"Object 11",810.00,270.00
214,9000000,10,"Object 11",809.50,270.00
215,9041666,10,"Object 11",809.50,270.00
216,9083333,10,"Object 11",808.50,269.50
217,9125000,10,"Object 11",808.50,269.00
218,9166666,10,"Object 11",809.00,269.00
219,9208333,10,"Object 11",809.50,269.50
220,9250000,10,"Object 11",809.50,269.00
221,9291666,10,"Object 11",809.50,269.00
222,9333333,10,"Object 11",810.50,270.00
223,9375000,10,"Object 11",810.00,270.00
224,9416666,10,"Object 11",810.50,270.00
225,9458333,10,"Object 11",810.00,270.00
226,9500000,10,"Object 11",810.00,269.50
227,9541666,10,"Object 11",809.50,269.00
228,9583333,10,"Object 11",808.50,269.00
229,9625000,10,"Object 11",808.00,269.00
230,9666666,10,"Object 11",807.50,269.00
231,9708333,10,"Object 11",807.00,269.50
232,9750000,10,"Object 11",807.00,270.00
233,9791666,10,"Object 11",807.00,270.00
234,9833333,10,"Object 11",806.50,270.00
235,9875000,10,"Object 11",807.00,270.00
236,9916666,10,"Object 11",807.00,269.50
237,9958333,10,"Object 11",807.00,269.50
238,10000000,10,"Object 11",807.00,268.50
239,10041666,10,"Object 11",808.00,268.50
0,83333,11,"Object 12",1069.00,436.00
1,125000,11,"Object 12",1069.50,436.50
2,166666,11,"Object 12",1070.50,437.00
3,208333,11,"Object 12",1071.50,439.00
4,250000,11,"Object 12",1072.50,442.00
5,291666,11,"Object 12",1072.00,445.00
6,333333,11,"Object 12",1069.00,448.00
7,375000,11,"Object 12",1068.50,451.00
8,416666,11,"Object 12",1066.50,455.50
9,458333,11,"Object 12",1064.00,457.50
10,500000,11,"Object 12",1061.50,458.50
11,541666,11,"Object 12",1061.50,459.00
12,583333,11,"Object 12",1059.50,459.50
13,625000,11,"Object 12",1054.00,458.50
14,666666,11,"Object 12",1053.50,457.50
15,708333,11,"Object 12",1050.00,456.50
16,750000,11,"Object 12",1046.00,456.50
17,791666,11,"Object 12",1045.00,456.00
18,833333,11,"Object 12",1039.00,455.50
19,875000,11,"Object 12",1033.50,456.00
20,916666,11,"Object 12",1029.50,456.00
21,958333,11,"Object 12",1026.50,456.00
22,1000000,11,"Object 12",1025.00,457.00
23,1041666,11,"Object 12",1023.50,457.00
24,1083333,11,"Object 12",1022.00,457.00
25,1125000,11,"Object 12",1021.00,457.50
26,1166666,11,"Object 12",1020.50,457.50
27,1208333,11,"Object 12",1019.50,457.50
28,1250000,11,"Object 12",1020.00,456.50
29,1291666,11,"Object 12",1020.50,458.00
30,1333333,11,"Object 12",1020.50,457.50
31,1375000,11,"Object 12",1020.50,457.00
32,1416666,11,"Object 12",1022.00,457.50
33,1458333,11,"Object 12",1024.50,457.50
34,1500000,11,"Object 12",1026.00,457.50
35,1541666,11,"Object 12",1028.00,458.00
36,1583333,11,"Object 12",1033.00,458.00
37,1625000,11,"Object 12",1038.50,457.50
38,1666666,11,"Object 12",1040.00,458.00
39,1708333,11,"Object 12",1043.50,458.50
40,1750000,11,"Object 12",1049.50,457.00
41,1791666,11,"Object 12",1055.00,457.00
42,1833333,11,"Object 12",1058.50,456.50
43,1875000,11,"Object 12",1060.50,456.00
44,1916666,11,"Object 12",1063.50,454.00
45,1958333,11,"Object 12",1063.50,453.50
46,2000000,11,"Object 12",1065.00,452.50
47,2041666,11,"Object 12",1066.50,453.50
48,2083333,11,"Object 12",1066.50,452.50
49,2125000,11,"Object 12",1066.00,452.50
50,2166666,11,"Object 12",1066.50,452.50
51,2208333,11,"Object 12",1069.00,452.00
52,2250000,11,"Object 12",1066.00,452.00
53,2291666,11,"Object 12",1067.00,451.00
54,2333333,11,"Object 12",1068.00,450.50
55,2375000,11,"Object 12",1068.50,451.50
56,2416666,11,"Object 12",1066.50,450.50
57,2458333,11,"Object 12",1065.00,449.00
58,2500000,11,"Object 12",1065.50,448.50
59,2541666,11,"Object 12",1065.00,448.00
60,2583333,11,"Object 12",1065.50,449.00
61,2625000,11,"Object 12",1065.50,448.50
62,2666666,11,"Object 12",1065.50,447.00
63,2708333,11,"Object 12",1066.50,447.50
64,2750000,11,"Object 12",1067.00,449.00
65,2791666,11,"Object 12",1064.00,448.50
66,2833333,11,"Object 12",1064.50,447.00
67,2875000,11,"Object 12",1063.00,449.00
68,2916666,11,"Object 12",1064.00,447.50
69,2958333,11,"Object 12",1060.00,447.50
70,3000000,11,"Object 12",1059.50,446.50
71,3041666,11,"Object 12",1059.00,448.00
72,3083333,11,"Object 12",1057.50,447.50
73,3125000,11,"Object 12",1056.50,446.50
74,3166666,11,"Object 12",1056.50,447.00
75,3208333,11,"Object 12",1055.50,447.00
76,3250000,11,"Object 12",1055.00,447.00
77,3291666,11,"Object 12",1055.00,447.00
78,3333333,11,"Object 12",1054.00,445.50
79,3375000,11,"Object 12",1054.00,446.00
80,3416666,11,"Object 12",1053.50,446.50
81,3458333,11,"Object 12",1052.50,446.00
82,3500000,11,"Object 12",1052.50,446.00
83,3541666,11,"Object 12",1052.00,445.00
84,3583333,11,"Object 12",1051.50,445.00
85,3625000,11,"Object 12",1051.00,444.50
86,3666666,11,"Object 12",1051.00,444.50
87,3708333,11,"Object 12",1052.00,444.00
88,3750000,11,"Object 12",1050.00,444.50
89,3791666,11,"Object 12",1051.00,444.00
90,3833333,11,"Object 12",1051.50,443.50
91,3875000,11,"Object 12",1050.50,444.00
92,3916666,11,"Object 12",1051.00,443.00
93,3958333,11,"Object 12",1051.00,442.50
94,4000000,11,"Object 12",1050.50,442.50
95,4041666,11,"Object 12",1050.50,442.00
96,4083333,11,"Object 12",1050.50,441.00
97,4125000,11,"Object 12",1050.50,440.00
98,4166666,11,"Object 12",1050.50,440.00
99,4208333,11,"Object 12",1050.50,439.00
100,4250000,11,"Object 12",1051.00,438.50
101,4291666,11,"Object 12",1050.50,438.00
102,4333333,11,"Object 12",1050.00,437.50
103,4375000,11,"Object 12",1050.00,437.00
104,4416666,11,"Object 12",1049.50,437.00
105,4458333,11,"Object 12",1049.00,437.00
106,4500000,11,"Object 12",1047.50,437.00
107,4541666,11,"Object 12",1047.50,437.00
108,4583333,11,"Object 12",1046.50,437.00
109,4625000,11,"Object 12",1046.50,436.50
110,4666666,11,"Object 12",1046.50,436.50
111,4708333,11,"Object 12",1046.50,436.50
112,4750000,11,"Object 12",1046.50,436.50
113,4791666,11,"Object 12",1046.50,436.50
114,4833333,11,"Object 12",1046.50,436.50
115,4875000,11,"Object 12",1047.50,436.50
116,4916666,11,"Object 12",1047.50,436.50
117,4958333,11,"Object 12",1047.50,435.50
118,5000000,11,"Object 12",1047.50,435.00
119,5041666,11,"Object 12",1048.50,434.50
120,5083333,11,"Object 12",1048.50,434.50
121,5125000,11,"Object 12",1048.50,434.50
122,5166666,11,"Object 12",1048.50,434.50
123,5208333,11,"Object 12",1048.00,434.00
124,5250000,11,"Object 12",1048.00,433.50
125,5291666,11,"Object 12",1047.50,433.50
126,5333333,11,"Object 12",1047.00,433.50
127,5375000,11,"Object 12",1047.00,433.50
128,5416666,11,"Object 12",1046.50,433.50
129,5458333,11,"Object 12",1046.50,433.50
130,5500000,11,"Object 12",1046.50,433.00
131,5541666,11,"Object 12",1046.50,433.00
132,5583333,11,"Object 12",1047.00,433.00
133,5625000,11,"Object 12",1047.00,433.00
134,5666666,11,"Object 12",1047.00,433.00
135,5708333,11,"Object 12",1047.50,433.00
136,5750000,11,"Object 12",1047.50,433.00
137,5791666,11,"Object 12",1047.50,433.00
138,5833333,11,"Object 12",1047.50,433.00
139,5875000,11,"Object 12",1048.50,433.00
140,5916666,11,"Object 12",1048.00,433.00
141,5958333,11,"Object 12",1048.50,433.00
142,6000000,11,"Object 12",1048.50,433.00
143,6041666,11,"Object 12",1049.50,432.50
144,6083333,11,"Object 12",1050.50,431.00
145,6125000,11,"Object 12",1050.50,431.00
146,6166666,11,"Object 12",1050.50,431.50
147,6208333,11,"Object 12",1050.50,431.00
148,6250000,11,"Object 12",1050.50,431.00
149,6291666,11,"Object 12",1050.50,431.00
150,6333333,11,"Object 12",1051.50,430.50
151,6375000,11,"Object 12",1051.50,430.50
152,6416666,11,"Object 12",1050.50,431.00
153,6458333,11,"Object 12",1051.50,431.00
154,6500000,11,"Object 12",1050.50,431.50
155,6541666,11,"Object 12",1050.50,432.00
156,6583333,11,"Object 12",1051.50,431.50
157,6625000,11,"Object 12",1051.50,431.00
158,6666666,11,"Object 12",1052.00,431.00
159,6708333,11,"Object 12",1052.50,431.00
160,6750000,11,"Object 12",1053.00,430.50
161,6791666,11,"Object 12",1052.50,431.00
162,6833333,11,"Object 12",1054.50,430.50
163,6875000,11,"Object 12",1054.50,430.00
164,6916666,11,"Object 12",1055.00,429.50
165,6958333,11,"Object 12",1056.00,429.50
166,7000000,11,"Object 12",1057.00,429.00
167,7041666,11,"Object 12",1057.00,429.00
168,7083333,11,"Object 12",1057.00,428.50
169,7125000,11,"Object 12",1057.00,428.50
170,7166666,11,"Object 12",1057.00,429.00
171,7208333,11,"Object 12",1057.00,429.00
172,7250000,11,"Object 12",1057.00,429.00
173,7291666,11,"Object 12",1057.00,429.00
174,7333333,11,"Object 12",1057.50,430.00
175,7375000,11,"Object 12",1057.00,430.00
176,7416666,11,"Object 12",1057.00,430.00
177,7458333,11,"Object 12",1057.50,430.00
178,7500000,11,"Object 12",1057.50,430.50
179,7541666,11,"Object 12",1057.50,430.50
180,7583333,11,"Object 12",1058.00,430.00
181,7625000,11,"Object 12",1058.50,430.00
182,7666666,11,"Object 12",1059.50,429.50
183,7708333,11,"Object 12",1060.50,429.50
184,7750000,11,"Object 12",1061.50,429.00
185,7791666,11,"Object 12",1061.50,428.50
186,7833333,11,"Object 12",1060.50,429.00
187,7875000,11,"Object 12",1062.00,428.50
188,7916666,11,"Object 12",1062.50,427.50
189,7958333,11,"Object 12",1061.00,428.50
190,8000000,11,"Object 12",1062.00,427.00
191,8041666,11,"Object 12",1061.00,427.50
192,8083333,11,"Object 12",1060.00,427.00
193,8125000,11,"Object 12",1059.00,427.50
194,8166666,11,"Object 12",1058.00,427.50
195,8208333,11,"Object 12",1057.00,427.50
196,8250000,11,"Object 12",1057.00,427.50
197,8291666,11,"Object 12",1055.50,427.50
198,8333333,11,"Object 12",1056.00,427.50
199,8375000,11,"Object 12",1055.00,427.00
200,8416666,11,"Object 12",1055.00,427.00
201,8458333,11,"Object 12",1054.00,427.50
202,8500000,11,"Object 12",1054.00,428.00
203,8541666,11,"Object 12",1053.00,428.00
204,8583333,11,"Object 12",1051.50,428.00
205,8625000,11,"Object 12",1051.50,428.50
206,8666666,11,"Object 12",1050.50,428.50
207,8708333,11,"Object 12",1050.50,427.50
208,8750000,11,"Object 12",1050.50,428.50
209,8791666,11,"Object 12",1049.00,428.00
210,8833333,11,"Object 12",1049.00,427.50
211,8875000,11,"Object 12",1049.50,427.50
212,8916666,11,"Object 12",1049.00,427.50
213,8958333,11,"Object 12",1048.50,427.00
214,9000000,11,"Object 12",1048.50,426.50
215,9041666,11,"Object 12",1048.50,427.50
216,9083333,11,"Object 12",1047.50,427.50
217,9125000,11,"Object 12",1048.00,427.00
218,9166666,11,"Object 12",1048.00,427.00
219,9208333,11,"Object 12",1048.00,427.50
220,9250000,11,"Object 12",1047.50,427.50
221,9291666,11,"Object 12",1047.50,427.50
222,9333333,11,"Object 12",1047.00,427.50
223,9375000,11,"Object 12",1047.50,427.50
224,9416666,11,"Object 12",1046.50,427.50
225,9458333,11,"Object 12",1046.00,427.50
226,9500000,11,"Object 12",1046.00,427.50
227,9541666,11,"Object 12",1046.00,427.50
228,9583333,11,"Object 12",1046.00,427.50
229,9625000,11,"Object 12",1046.50,426.00
230,9666666,11,"Object 12",1045.50,426.00
231,9708333,11,"Object 12",1046.50,426.00
232,9750000,11,"Object 12",1045.50,426.00
233,9791666,11,"Object 12",1045.50,426.00
234,9833333,11,"Object 12",1046.50,425.50
235,9875000,11,"Object 12",1046.50,426.00
236,9916666,11,"Object 12",1046.50,426.00
237,9958333,11,"Object 12",1046.50,426.00
238,10000000,11,"Object 12",1046.00,426.00
239,10041666,11,"Object 12",1046.00,426.00
0,83333,12,"Object 13",1189.50,658.50
1,125000,12,"Object 13",1190.50,659.50
2,166666,12,"Object 13",1191.00,661.00
3,208333,12,"Object 13",1191.00,663.00
4,250000,12,"Object 13",1192.50,666.50
5,291666,12,"Object 13",1191.50,670.50
6,333333,12,"Object 13",1189.50,673.00
7,375000,12,"Object 13",1189.00,676.50
8,416666,12,"Object 13",1187.50,681.00
9,458333,12,"Object 13",1185.00,683.50
10,500000,12,"Object 13",1183.50,685.50
11,541666,12,"Object 13",1183.00,687.00
12,583333,12,"Object 13",1180.50,687.00
13,625000,12,"Object 13",1177.00,686.50
14,666666,12,"Object 13",1177.50,685.50
15,708333,12,"Object 13",1174.00,685.00
16,750000,12,"Object 13",1170.50,684.50
17,791666,12,"Object 13",1169.50,685.00
18,833333,12,"Object 13",1163.00,684.50
19,875000,12,"Object 13",1158.50,685.50
20,916666,12,"Object 13",1154.50,685.50
21,958333,12,"Object 13",1151.50,685.50
22,1000000,12,"Object 13",1150.50,686.00
23,1041666,12,"Object 13",1148.00,685.50
24,1083333,12,"Object 13",1146.00,685.00
25,1125000,12,"Object 13",1145.00,685.50
26,1166666,12,"Object 13",1143.50,685.00
27,1208333,12,"Object 13",1142.50,684.50
28,1250000,12,"Object 13",1142.50,684.00
29,1291666,12,"Object 13",1142.50,685.00
30,1333333,12,"Object 13",1141.50,685.00
31,1375000,12,"Object 13",1142.50,684.50
32,1416666,12,"Object 13",1144.50,684.00
33,1458333,12,"Object 13",1146.00,685.00
34,1500000,12,"Object 13",1148.50,684.50
35,1541666,12,"Object 13",1151.50,686.00
36,1583333,12,"Object 13",1157.00,686.00
37,1625000,12,"Object 13",1162.00,686.00
38,1666666,12,"Object 13",1166.00,687.00
39,1708333,12,"Object 13",1169.00,687.00
40,1750000,12,"Object 13",1175.00,686.50
41,1791666,12,"Object 13",1180.00,686.00
42,1833333,12,"Object 13",1183.00,685.50
43,1875000,12,"Object 13",1185.00,685.00
44,1916666,12,"Object 13",1186.00,683.50
45,1958333,12,"Object 13",1186.00,682.50
46,2000000,12,"Object 13",1189.00,681.50
47,2041666,12,"Object 13",1189.50,682.50
48,2083333,12,"Object 13",1189.50,681.00
49,2125000,12,"Object 13",1189.00,681.50
50,2166666,12,"Object 13",1190.50,680.50
51,2208333,12,"Object 13",1190.50,680.50
52,2250000,12,"Object 13",1188.50,680.00
53,2291666,12,"Object 13",1190.00,679.50
54,2333333,12,"Object 13",1190.50,680.00
55,2375000,12,"Object 13",1190.50,680.00
56,2416666,12,"Object 13",1189.50,680.00
57,2458333,12,"Object 13",1187.00,677.50
58,2500000,12,"Object 13",1186.50,677.50
59,2541666,12,"Object 13",1185.50,676.50
60,2583333,12,"Object 13",1185.50,678.00
61,2625000,12,"Object 13",1185.00,677.00
62,2666666,12,"Object 13",1184.00,676.50
63,2708333,12,"Object 13",1185.50,677.00
64,2750000,12,"Object 13",1185.00,678.50
65,2791666,12,"Object 13",1181.00,677.50
66,2833333,12,"Object 13",1182.00,677.50
67,2875000,12,"Object 13",1181.00,679.00
68,2916666,12,"Object 13",1182.00,680.00
69,2958333,12,"Object 13",1180.50,679.00
70,3000000,12,"Object 13",1179.00,677.50
71,3041666,12,"Object 13",1178.00,680.50
72,3083333,12,"Object 13",1176.00,679.00
73,3125000,12,"Object 13",1175.50,677.50
74,3166666,12,"Object 13",1175.00,678.50
75,3208333,12,"Object 13",1174.00,678.00
76,3250000,12,"Object 13",1173.00,678.00
77,3291666,12,"Object 13",1171.50,677.00
78,3333333,12,"Object 13",1170.50,676.00
79,3375000,12,"Object 13",1170.50,676.50
80,3416666,12,"Object 13",1170.50,676.50
81,3458333,12,"Object 13",1169.50,677.00
82,3500000,12,"Object 13",1169.50,676.50
83,3541666,12,"Object 13",1169.00,676.50
84,3583333,12,"Object 13",1169.00,676.50
85,3625000,12,"Object 13",1168.50,676.00
86,3666666,12,"Object 13",1168.50,676.00
87,3708333,12,"Object 13",1168.00,676.00
88,3750000,12,"Object 13",1167.50,675.50
89,3791666,12,"Object 13",1167.00,675.00
90,3833333,12,"Object 13",1166.00,674.00
91,3875000,12,"Object 13",1166.00,673.00
92,3916666,12,"Object 13",1165.50,672.00
93,3958333,12,"Object 13",1165.00,672.50
94,4000000,12,"Object 13",1165.00,672.50
95,4041666,12,"Object 13",1165.00,671.50
96,4083333,12,"Object 13",1165.00,671.00
97,4125000,12,"Object 13",1165.00,670.50
98,4166666,12,"Object 13",1165.00,670.50
99,4208333,12,"Object 13",1165.00,670.00
100,4250000,12,"Object 13",1165.00,670.00
101,4291666,12,"Object 13",1165.00,670.00
102,4333333,12,"Object 13",1165.00,670.00
103,4375000,12,"Object 13",1165.50,669.50
104,4416666,12,"Object 13",1165.50,669.50
105,4458333,12,"Object 13",1165.50,669.50
106,4500000,12,"Object 13",1165.00,669.50
107,4541666,12,"Object 13",1165.00,668.50
108,4583333,12,"Object 13",1165.00,668.50
109,4625000,12,"Object 13",1165.00,667.50
110,4666666,12,"Object 13",1165.00,666.00
111,4708333,12,"Object 13",1164.50,666.00
112,4750000,12,"Object 13",1164.50,666.00
113,4791666,12,"Object 13",1164.00,666.00
114,4833333,12,"Object 13",1164.50,665.50
115,4875000,12,"Object 13",1164.50,665.50
116,4916666,12,"Object 13",1164.50,665.50
117,4958333,12,"Object 13",1164.50,665.50
118,5000000,12,"Object 13",1164.50,664.50
119,5041666,12,"Object 13",1164.50,665.00
120,5083333,12,"Object 13",1164.50,664.50
121,5125000,12,"Object 13",1164.50,664.00
122,5166666,12,"Object 13",1164.50,664.00
123,5208333,12,"Object 13",1164.50,664.50
124,5250000,12,"Object 13",1164.50,664.50
125,5291666,12,"Object 13",1164.50,664.00
126,5333333,12,"Object 13",1164.50,664.50
127,5375000,12,"Object 13",1164.50,664.00
128,5416666,12,"Object 13",1164.50,664.00
129,5458333,12,"Object 13",1164.50,664.00
130,5500000,12,"Object 13",1164.50,664.00
131,5541666,12,"Object 13",1164.50,664.00
132,5583333,12,"Object 13",1164.50,664.00
133,5625000,12,"Object 13",1164.50,664.00
134,5666666,12,"Object 13",1164.50,664.00
135,5708333,12,"Object 13",1164.00,663.50
136,5750000,12,"Object 13",1164.50,663.50
137,5791666,12,"Object 13",1164.00,663.00
138,5833333,12,"Object 13",1164.00,663.50
139,5875000,12,"Object 13",1164.50,663.50
140,5916666,12,"Object 13",1164.50,664.00
141,5958333,12,"Object 13",1165.00,663.50
142,6000000,12,"Object 13",1165.00,663.50
143,6041666,12,"Object 13",1165.00,663.00
144,6083333,12,"Object 13",1166.00,662.50
145,6125000,12,"Object 13",1166.50,662.00
146,6166666,12,"Object 13",1167.00,663.00
147,6208333,12,"Object 13",1167.00,662.50
148,6250000,12,"Object 13",1167.00,662.00
149,6291666,12,"Object 13",1167.00,662.00
150,6333333,12,"Object 13",1167.00,661.00
151,6375000,12,"Object 13",1167.00,661.00
152,6416666,12,"Object 13",1167.50,661.00
153,6458333,12,"Object 13",1167.50,661.00
154,6500000,12,"Object 13",1167.50,660.50
155,6541666,12,"Object 13",1167.50,660.50
156,6583333,12,"Object 13",1168.00,660.00
157,6625000,12,"Object 13",1168.50,660.50
158,6666666,12,"Object 13",1169.00,660.50
159,6708333,12,"Object 13",1169.50,661.00
160,6750000,12,"Object 13",1169.50,661.00
161,6791666,12,"Object 13",1169.50,661.00
162,6833333,12,"Object 13",1170.50,661.00
163,6875000,12,"Object 13",1170.50,661.50
164,6916666,12,"Object 13",1171.00,661.50
165,6958333,12,"Object 13",1172.00,662.00
166,7000000,12,"Object 13",1172.00,662.00
167,7041666,12,"Object 13",1172.00,662.50
168,7083333,12,"Object 13",1173.00,662.00
169,7125000,12,"Object 13",1174.00,661.50
170,7166666,12,"Object 13",1174.00,661.00
171,7208333,12,"Object 13",1174.50,660.50
172,7250000,12,"Object 13",1174.50,660.50
173,7291666,12,"Object 13",1174.50,660.00
174,7333333,12,"Object 13",1175.00,659.50
175,7375000,12,"Object 13",1175.00,659.00
176,7416666,12,"Object 13",1174.50,659.00
177,7458333,12,"Object 13",1175.00,659.00
178,7500000,12,"Object 13",1175.00,659.00
179,7541666,12,"Object 13",1175.00,659.00
180,7583333,12,"Object 13",1175.50,658.50
181,7625000,12,"Object 13",1176.00,659.50
182,7666666,12,"Object 13",1176.50,659.50
183,7708333,12,"Object 13",1177.00,660.00
184,7750000,12,"Object 13",1177.00,660.50
185,7791666,12,"Object 13",1177.00,661.00
186,7833333,12,"Object 13",1178.00,661.00
187,7875000,12,"Object 13",1178.00,661.00
188,7916666,12,"Object 13",1178.00,661.00
189,7958333,12,"Object 13",1178.00,660.50
190,8000000,12,"Object 13",1177.50,660.00
191,8041666,12,"Object 13",1177.00,660.00
192,8083333,12,"Object 13",1176.00,659.00
193,8125000,12,"Object 13",1175.00,659.00
194,8166666,12,"Object 13",1175.00,658.50
195,8208333,12,"Object 13",1173.50,658.50
196,8250000,12,"Object 13",1172.50,658.00
197,8291666,12,"Object 13",1172.50,658.00
198,8333333,12,"Object 13",1171.50,658.00
199,8375000,12,"Object 13",1170.50,658.00
200,8416666,12,"Object 13",1170.50,657.50
201,8458333,12,"Object 13",1170.50,658.00
202,8500000,12,"Object 13",1169.50,658.00
203,8541666,12,"Object 13",1169.50,658.00
204,8583333,12,"Object 13",1168.50,658.00
205,8625000,12,"Object 13",1168.00,658.00
206,8666666,12,"Object 13",1167.00,658.00
207,8708333,12,"Object 13",1167.00,658.00
208,8750000,12,"Object 13",1167.00,658.00
209,8791666,12,"Object 13",1166.50,658.00
210,8833333,12,"Object 13",1165.50,658.00
211,8875000,12,"Object 13",1165.50,658.00
212,8916666,12,"Object 13",1165.00,658.00
213,8958333,12,"Object 13",1164.50,658.00
214,9000000,12,"Object 13",1164.00,658.00
215,9041666,12,"Object 13",1164.00,658.00
216,9083333,12,"Object 13",1163.50,658.00
217,9125000,12,"Object 13",1163.50,658.00
218,9166666,12,"Object 13",1163.00,658.00
219,9208333,12,"Object 13",1163.00,658.00
220,9250000,12,"Object 13",1162.50,658.00
221,9291666,12,"Object 13",1162.00,658.00
222,9333333,12,"Object 13",1162.00,658.00
223,9375000,12,"Object 13",1161.50,657.00
224,9416666,12,"Object 13",1161.50,657.00
225,9458333,12,"Object 13",1161.50,657.00
226,9500000,12,"Object 13",1161.50,657.00
227,9541666,12,"Object 13",1161.50,657.00
228,9583333,12,"Object 13",1161.50,657.00
229,9625000,12,"Object 13",1161.50,657.00
230,9666666,12,"Object 13",1161.50,656.50
231,9708333,12,"Object 13",1161.50,656.50
232,9750000,12,"Object 13",1161.50,657.00
233,9791666,12,"Object 13",1161.50,657.00
234,9833333,12,"Object 13",1161.50,657.00
235,9875000,12,"Object 13",1162.00,657.50
236,9916666,12,"Object 13",1162.00,657.50
237,9958333,12,"Object 13",1162.00,658.00
238,10000000,12,"Object 13",1163.00,657.50
239,10041666,12,"Object 13",1163.00,658.00
0,83333,13,"Object 14",903.00,691.50
1,125000,13,"Object 14",904.00,693.50
2,166666,13,"Object 14",904.00,695.50
3,208333,13,"Object 14",903.50,698.00
4,250000,13,"Object 14",904.00,702.00
5,291666,13,"Object 14",903.50,706.00
6,333333,13,"Object 14",900.00,708.00
7,375000,13,"Object 14",898.50,709.50
8,416666,13,"Object 14",896.50,712.00
9,458333,13,"Object 14",893.50,714.00
10,500000,13,"Object 14",892.00,715.50
11,541666,13,"Object 14",891.00,715.50
12,583333,13,"Object 14",889.50,716.50
13,625000,13,"Object 14",885.50,716.50
14,666666,13,"Object 14",886.00,715.50
15,708333,13,"Object 14",881.50,714.00
16,750000,13,"Object 14",878.00,713.00
17,791666,13,"Object 14",875.00,713.50
18,833333,13,"Object 14",868.00,712.00
19,875000,13,"Object 14",863.00,713.00
20,916666,13,"Object 14",858.50,713.00
21,958333,13,"Object 14",855.50,713.00
22,1000000,13,"Object 14",854.00,713.00
23,1041666,13,"Object 14",852.50,713.00
24,1083333,13,"Object 14",851.50,713.50
25,1125000,13,"Object 14",851.50,714.50
26,1166666,13,"Object 14",851.00,715.00
27,1208333,13,"Object 14",850.50,715.00
28,1250000,13,"Object 14",852.00,715.50
29,1291666,13,"Object 14",852.50,716.50
30,1333333,13,"Object 14",853.00,716.50
31,1375000,13,"Object 14",853.50,716.00
32,1416666,13,"Object 14",855.00,716.00
33,1458333,13,"Object 14",857.00,716.00
34,1500000,13,"Object 14",858.50,716.00
35,1541666,13,"Object 14",860.50,715.50
36,1583333,13,"Object 14",863.50,714.50
37,1625000,13,"Object 14",868.50,714.00
38,1666666,13,"Object 14",871.00,714.50
39,1708333,13,"Object 14",873.00,713.50
40,1750000,13,"Object 14",879.00,713.50
41,1791666,13,"Object 14",883.50,713.50
42,1833333,13,"Object 14",887.00,713.00
43,1875000,13,"Object 14",889.00,713.00
44,1916666,13,"Object 14",891.50,712.50
45,1958333,13,"Object 14",891.50,712.00
46,2000000,13,"Object 14",894.50,712.00
47,2041666,13,"Object 14",896.50,713.00
48,2083333,13,"Object 14",896.50,712.00
49,2125000,13,"Object 14",895.50,713.00
50,2166666,13,"Object 14",896.50,712.00
51,2208333,13,"Object 14",897.50,712.00
52,2250000,13,"Object 14",894.00,711.50
53,2291666,13,"Object 14",895.00,710.50
54,2333333,13,"Object 14",895.50,710.50
55,2375000,13,"Object 14",895.50,710.50
56,2416666,13,"Object 14",894.00,710.00
57,2458333,13,"Object 14",892.00,709.00
58,2500000,13,"Object 14",892.00,708.50
59,2541666,13,"Object 14",891.00,708.00
60,2583333,13,"Object 14",891.50,709.00
61,2625000,13,"Object 14",891.50,708.50
62,2666666,13,"Object 14",890.50,709.00
63,2708333,13,"Object 14",892.50,709.00
64,2750000,13,"Object 14",891.00,710.50
65,2791666,13,"Object 14",888.50,709.00
66,2833333,13,"Object 14",888.50,709.00
67,2875000,13,"Object 14",887.50,709.00
68,2916666,13,"Object 14",887.50,709.00
69,2958333,13,"Object 14",886.00,708.50
70,3000000,13,"Object 14",884.50,707.50
71,3041666,13,"Object 14",884.00,708.00
72,3083333,13,"Object 14",882.00,708.00
73,3125000,13,"Object 14",881.50,707.50
74,3166666,13,"Object 14",881.50,708.00
75,3208333,13,"Object 14",880.50,708.00
76,3250000,13,"Object 14",880.00,708.50
77,3291666,13,"Object 14",879.00,709.00
78,3333333,13,"Object 14",877.00,708.00
79,3375000,13,"Object 14",877.00,708.00
80,3416666,13,"Object 14",876.00,707.50
81,3458333,13,"Object 14",876.00,707.50
82,3500000,13,"Object 14",875.00,706.50
83,3541666,13,"Object 14",875.00,705.50
84,3583333,13,"Object 14",874.50,705.00
85,3625000,13,"Object 14",873.50,703.50
86,3666666,13,"Object 14",873.50,704.00
87,3708333,13,"Object 14",873.50,704.00
88,3750000,13,"Object 14",873.50,703.00
89,3791666,13,"Object 14",873.50,703.50
90,3833333,13,"Object 14",872.50,704.00
91,3875000,13,"Object 14",872.50,704.00
92,3916666,13,"Object 14",873.00,704.50
93,3958333,13,"Object 14",873.00,704.50
94,4000000,13,"Object 14",873.00,704.50
95,4041666,13,"Object 14",873.00,704.00
96,4083333,13,"Object 14",873.00,703.50
97,4125000,13,"Object 14",873.00,702.50
98,4166666,13,"Object 14",872.00,702.00
99,4208333,13,"Object 14",872.00,701.50
100,4250000,13,"Object 14",872.00,700.50
101,4291666,13,"Object 14",872.00,699.50
102,4333333,13,"Object 14",871.50,698.00
103,4375000,13,"Object 14",871.00,698.00
104,4416666,13,"Object 14",871.00,698.00
105,4458333,13,"Object 14",871.00,698.00
106,4500000,13,"Object 14",871.00,697.00
107,4541666,13,"Object 14",871.00,696.50
108,4583333,13,"Object 14",871.00,696.50
109,4625000,13,"Object 14",871.00,696.50
110,4666666,13,"Object 14",871.00,696.00
111,4708333,13,"Object 14",871.00,696.50
112,4750000,13,"Object 14",871.00,697.00
113,4791666,13,"Object 14",871.50,697.50
114,4833333,13,"Object 14",872.00,698.00
115,4875000,13,"Object 14",872.00,699.00
116,4916666,13,"Object 14",872.50,699.00
117,4958333,13,"Object 14",872.50,699.50
118,5000000,13,"Object 14",872.50,700.00
119,5041666,13,"Object 14",872.50,699.00
120,5083333,13,"Object 14",872.00,698.00
121,5125000,13,"Object 14",871.00,697.00
122,5166666,13,"Object 14",871.00,696.50
123,5208333,13,"Object 14",871.00,696.00
124,5250000,13,"Object 14",871.00,695.00
125,5291666,13,"Object 14",871.00,693.50
126,5333333,13,"Object 14",871.00,693.00
127,5375000,13,"Object 14",870.50,693.00
128,5416666,13,"Object 14",870.50,693.00
129,5458333,13,"Object 14",870.50,693.50
130,5500000,13,"Object 14",870.50,693.00
131,5541666,13,"Object 14",871.00,693.50
132,5583333,13,"Object 14",871.00,694.00
133,5625000,13,"Object 14",871.00,694.00
134,5666666,13,"Object 14",871.00,694.50
135,5708333,13,"Object 14",871.00,694.50
136,5750000,13,"Object 14",871.00,694.50
137,5791666,13,"Object 14",871.00,694.50
138,5833333,13,"Object 14",871.00,694.00
139,5875000,13,"Object 14",871.00,694.00
140,5916666,13,"Object 14",871.00,693.50
141,5958333,13,"Object 14",871.00,692.50
142,6000000,13,"Object 14",871.00,692.50
143,6041666,13,"Object 14",871.50,692.00
144,6083333,13,"Object 14",872.50,690.50
145,6125000,13,"Object 14",872.50,691.00
146,6166666,13,"Object 14",872.50,692.00
147,6208333,13,"Object 14",872.50,691.50
148,6250000,13,"Object 14",873.00,691.50
149,6291666,13,"Object 14",873.50,692.50
150,6333333,13,"Object 14",874.00,691.50
151,6375000,13,"Object 14",874.00,691.50
152,6416666,13,"Object 14",874.50,692.00
153,6458333,13,"Object 14",875.00,692.00
154,6500000,13,"Object 14",875.00,692.00
155,6541666,13,"Object 14",875.00,691.50
156,6583333,13,"Object 14",875.00,691.50
157,6625000,13,"Object 14",875.00,691.50
158,6666666,13,"Object 14",876.00,691.00
159,6708333,13,"Object 14",876.00,691.00
160,6750000,13,"Object 14",876.00,690.50
161,6791666,13,"Object 14",876.50,691.00
162,6833333,13,"Object 14",877.00,691.00
163,6875000,13,"Object 14",877.00,691.00
164,6916666,13,"Object 14",877.00,691.00
165,6958333,13,"Object 14",878.00,690.50
166,7000000,13,"Object 14",878.00,690.00
167,7041666,13,"Object 14",878.00,690.00
168,7083333,13,"Object 14",878.50,690.00
169,7125000,13,"Object 14",878.50,689.50
170,7166666,13,"Object 14",878.50,689.50
171,7208333,13,"Object 14",879.50,689.50
172,7250000,13,"Object 14",879.50,689.50
173,7291666,13,"Object 14",880.00,690.00
174,7333333,13,"Object 14",880.50,690.00
175,7375000,13,"Object 14",881.00,690.00
176,7416666,13,"Object 14",881.50,690.00
177,7458333,13,"Object 14",881.50,689.00
178,7500000,13,"Object 14",881.50,690.50
179,7541666,13,"Object 14",882.50,690.50
180,7583333,13,"Object 14",883.00,690.00
181,7625000,13,"Object 14",883.50,689.50
182,7666666,13,"Object 14",883.50,689.50
183,7708333,13,"Object 14",883.50,689.50
184,7750000,13,"Object 14",883.50,690.00
185,7791666,13,"Object 14",883.50,690.00
186,7833333,13,"Object 14",883.00,689.50
187,7875000,13,"Object 14",883.50,688.50
188,7916666,13,"Object 14",883.00,688.50
189,7958333,13,"Object 14",883.00,688.50
190,8000000,13,"Object 14",883.00,688.50
191,8041666,13,"Object 14",882.50,688.50
192,8083333,13,"Object 14",881.00,688.00
193,8125000,13,"Object 14",881.00,688.50
194,8166666,13,"Object 14",880.50,688.50
195,8208333,13,"Object 14",880.00,688.50
196,8250000,13,"Object 14",879.50,688.50
197,8291666,13,"Object 14",879.00,688.00
198,8333333,13,"Object 14",878.50,688.50
199,8375000,13,"Object 14",877.50,688.00
200,8416666,13,"Object 14",877.00,687.50
201,8458333,13,"Object 14",877.00,688.00
202,8500000,13,"Object 14",876.00,688.00
203,8541666,13,"Object 14",876.00,688.00
204,8583333,13,"Object 14",875.00,688.50
205,8625000,13,"Object 14",875.00,688.50
206,8666666,13,"Object 14",874.00,688.50
207,8708333,13,"Object 14",874.00,688.00
208,8750000,13,"Object 14",874.00,689.00
209,8791666,13,"Object 14",873.00,689.00
210,8833333,13,"Object 14",872.00,688.50
211,8875000,13,"Object 14",872.00,689.50
212,8916666,13,"Object 14",871.50,689.00
213,8958333,13,"Object 14",871.00,688.00
214,9000000,13,"Object 14",870.50,688.00
215,9041666,13,"Object 14",871.00,688.00
216,9083333,13,"Object 14",870.00,688.00
217,9125000,13,"Object 14",870.00,687.50
218,9166666,13,"Object 14",869.50,687.50
219,9208333,13,"Object 14",869.00,687.50
220,9250000,13,"Object 14",869.00,687.00
221,9291666,13,"Object 14",869.00,687.00
222,9333333,13,"Object 14",869.00,687.00
223,9375000,13,"Object 14",868.50,687.00
224,9416666,13,"Object 14",868.50,685.50
225,9458333,13,"Object 14",868.50,687.00
226,9500000,13,"Object 14",869.00,688.00
227,9541666,13,"Object 14",869.00,687.50
228,9583333,13,"Object 14",869.00,689.00
229,9625000,13,"Object 14",869.00,688.50
230,9666666,13,"Object 14",869.00,688.50
231,9708333,13,"Object 14",869.00,688.50
232,9750000,13,"Object 14",869.00,688.00
233,9791666,13,"Object 14",869.00,688.00
234,9833333,13,"Object 14",869.00,687.50
235,9875000,13,"Object 14",869.00,687.50
236,9916666,13,"Object 14",869.50,687.50
237,9958333,13,"Object 14",869.00,687.50
238,10000000,13,"Object 14",869.00,687.00
239,10041666,13,"Object 14",869.00,687.00
0,83333,14,"Object 15",371.00,201.00
1,125000,14,"Object 15",370.50,202.50
2,166666,14,"Object 15",370.00,202.50
3,208333,14,"Object 15",368.00,203.00
4,250000,14,"Object 15",366.50,205.00
5,291666,14,"Object 15",364.50,208.00
6,333333,14,"Object 15",360.50,210.50
7,375000,14,"Object 15",357.50,212.50
8,416666,14,"Object 15",355.00,217.00
9,458333,14,"Object 15",351.00,218.00
10,500000,14,"Object 15",347.00,219.50
11,541666,14,"Object 15",343.50,219.50
12,583333,14,"Object 15",340.00,220.00
13,625000,14,"Object 15",336.50,219.00
14,666666,14,"Object 15",335.50,218.00
15,708333,14,"Object 15",332.50,217.00
16,750000,14,"Object 15",330.00,217.00
17,791666,14,"Object 15",328.00,216.50
18,833333,14,"Object 15",322.00,216.00
19,875000,14,"Object 15",316.00,217.00
20,916666,14,"Object 15",312.00,217.00
21,958333,14,"Object 15",309.50,218.00
22,1000000,14,"Object 15",307.50,218.50
23,1041666,14,"Object 15",306.00,218.00
24,1083333,14,"Object 15",304.00,218.00
25,1125000,14,"Object 15",303.50,219.50
26,1166666,14,"Object 15",302.00,219.50
27,1208333,14,"Object 15",301.00,219.00
28,1250000,14,"Object 15",301.00,218.00
29,1291666,14,"Object 15",301.00,219.50
30,1333333,14,"Object 15",301.00,219.50
31,1375000,14,"Object 15",301.00,219.00
32,1416666,14,"Object 15",302.50,218.50
33,1458333,14,"Object 15",305.00,219.00
34,1500000,14,"Object 15",307.50,218.50
35,1541666,14,"Object 15",310.00,218.50
36,1583333,14,"Object 15",314.00,219.00
37,1625000,14,"Object 15",318.50,218.50
38,1666666,14,"Object 15",323.50,218.50
39,1708333,14,"Object 15",325.50,218.00
40,1750000,14,"Object 15",332.00,217.00
41,1791666,14,"Object 15",336.50,216.00
42,1833333,14,"Object 15",339.50,216.00
43,1875000,14,"Object 15",342.00,214.50
44,1916666,14,"Object 15",344.00,213.00
45,1958333,14,"Object 15",344.00,212.00
46,2000000,14,"Object 15",346.50,210.00
47,2041666,14,"Object 15",348.00,210.50
48,2083333,14,"Object 15",348.50,209.00
49,2125000,14,"Object 15",348.00,209.00
50,2166666,14,"Object 15",349.00,209.00
51,2208333,14,"Object 15",350.00,207.50
52,2250000,14,"Object 15",348.00,209.00
53,2291666,14,"Object 15",349.50,206.50
54,2333333,14,"Object 15",351.00,206.00
55,2375000,14,"Object 15",351.00,206.00
56,2416666,14,"Object 15",349.50,205.50
57,2458333,14,"Object 15",348.00,203.50
58,2500000,14,"Object 15",347.50,203.00
59,2541666,14,"Object 15",347.50,202.00
60,2583333,14,"Object 15",348.00,202.00
61,2625000,14,"Object 15",348.00,202.00
62,2666666,14,"Object 15",347.00,201.00
63,2708333,14,"Object 15",349.00,200.50
64,2750000,14,"Object 15",349.00,201.00
65,2791666,14,"Object 15",346.00,201.00
66,2833333,14,"Object 15",346.00,198.00
67,2875000,14,"Object 15",345.50,200.00
68,2916666,14,"Object 15",346.50,198.00
69,2958333,14,"Object 15",345.00,198.00
70,3000000,14,"Object 15",344.00,196.00
71,3041666,14,"Object 15",343.50,196.00
72,3083333,14,"Object 15",342.50,195.00
73,3125000,14,"Object 15",342.00,193.00
74,3166666,14,"Object 15",342.00,193.00
75,3208333,14,"Object 15",341.50,193.00
76,3250000,14,"Object 15",340.50,192.00
77,3291666,14,"Object 15",341.50,191.50
78,3333333,14,"Object 15",339.50,190.00
79,3375000,14,"Object 15",339.50,190.00
80,3416666,14,"Object 15",339.00,190.00
81,3458333,14,"Object 15",339.00,189.00
82,3500000,14,"Object 15",338.50,189.00
83,3541666,14,"Object 15",338.50,187.50
84,3583333,14,"Object 15",338.50,187.50
85,3625000,14,"Object 15",337.50,187.00
86,3666666,14,"Object 15",337.50,186.50
87,3708333,14,"Object 15",337.50,186.50
88,3750000,14,"Object 15",337.00,186.00
89,3791666,14,"Object 15",337.00,185.50
90,3833333,14,"Object 15",336.50,185.00
91,3875000,14,"Object 15",337.00,184.50
92,3916666,14,"Object 15",336.50,184.50
93,3958333,14,"Object 15",336.50,184.00
94,4000000,14,"Object 15",336.00,184.00
95,4041666,14,"Object 15",335.50,183.00
96,4083333,14,"Object 15",335.50,183.00
97,4125000,14,"Object 15",335.50,182.00
98,4166666,14,"Object 15",334.50,182.00
99,4208333,14,"Object 15",334.50,181.50
100,4250000,14,"Object 15",334.50,182.00
101,4291666,14,"Object 15",334.50,182.00
102,4333333,14,"Object 15",334.50,182.00
103,4375000,14,"Object 15",334.50,182.00
104,4416666,14,"Object 15",334.00,183.00
105,4458333,14,"Object 15",334.00,183.00
106,4500000,14,"Object 15",334.00,183.00
107,4541666,14,"Object 15",334.00,182.50
108,4583333,14,"Object 15",334.00,183.00
109,4625000,14,"Object 15",334.00,182.50
110,4666666,14,"Object 15",334.00,182.00
111,4708333,14,"Object 15",333.00,181.50
112,4750000,14,"Object 15",333.00,180.50
113,4791666,14,"Object 15",334.00,180.50
114,4833333,14,"Object 15",333.00,179.50
115,4875000,14,"Object 15",333.00,179.50
116,4916666,14,"Object 15",333.50,179.00
117,4958333,14,"Object 15",333.00,179.00
118,5000000,14,"Object 15",333.00,179.00
119,5041666,14,"Object 15",333.50,179.00
120,5083333,14,"Object 15",333.50,178.00
121,5125000,14,"Object 15",334.50,178.50
122,5166666,14,"Object 15",333.50,179.00
123,5208333,14,"Object 15",333.50,179.00
124,5250000,14,"Object 15",334.00,178.50
125,5291666,14,"Object 15",333.50,178.50
126,5333333,14,"Object 15",334.00,178.00
127,5375000,14,"Object 15",334.00,178.00
128,5416666,14,"Object 15",333.00,178.50
129,5458333,14,"Object 15",333.00,178.00
130,5500000,14,"Object 15",333.50,177.50
131,5541666,14,"Object 15",334.00,177.50
132,5583333,14,"Object 15",333.50,176.50
133,5625000,14,"Object 15",333.50,176.50
134,5666666,14,"Object 15",333.50,176.50
135,5708333,14,"Object 15",333.50,177.00
136,5750000,14,"Object 15",333.50,176.50
137,5791666,14,"Object 15",333.50,176.50
138,5833333,14,"Object 15",333.50,176.50
139,5875000,14,"Object 15",334.00,177.00
140,5916666,14,"Object 15",333.50,177.00
141,5958333,14,"Object 15",334.00,177.00
142,6000000,14,"Object 15",334.50,177.00
143,6041666,14,"Object 15",335.00,177.50
144,6083333,14,"Object 15",335.00,176.50
145,6125000,14,"Object 15",335.50,175.50
146,6166666,14,"Object 15",336.00,175.50
147,6208333,14,"Object 15",335.50,175.50
148,6250000,14,"Object 15",335.50,175.00
149,6291666,14,"Object 15",335.50,175.00
150,6333333,14,"Object 15",336.00,174.00
151,6375000,14,"Object 15",336.00,173.50
152,6416666,14,"Object 15",336.50,173.50
153,6458333,14,"Object 15",336.50,173.50
154,6500000,14,"Object 15",336.50,173.50
155,6541666,14,"Object 15",336.50,173.50
156,6583333,14,"Object 15",337.50,173.50
157,6625000,14,"Object 15",337.50,173.50
158,6666666,14,"Object 15",338.00,173.50
159,6708333,14,"Object 15",338.50,174.50
160,6750000,14,"Object 15",338.50,174.50
161,6791666,14,"Object 15",338.50,174.50
162,6833333,14,"Object 15",339.00,174.50
163,6875000,14,"Object 15",339.50,175.00
164,6916666,14,"Object 15",339.50,174.50
165,6958333,14,"Object 15",340.00,174.50
166,7000000,14,"Object 15",341.50,174.00
167,7041666,14,"Object 15",341.00,174.00
168,7083333,14,"Object 15",342.00,174.50
169,7125000,14,"Object 15",342.00,174.00
170,7166666,14,"Object 15",342.50,174.00
171,7208333,14,"Object 15",343.00,173.50
172,7250000,14,"Object 15",343.00,173.50
173,7291666,14,"Object 15",342.50,173.50
174,7333333,14,"Object 15",343.50,173.50
175,7375000,14,"Object 15",343.50,173.00
176,7416666,14,"Object 15",344.00,173.00
177,7458333,14,"Object 15",344.00,172.50
178,7500000,14,"Object 15",344.50,172.50
179,7541666,14,"Object 15",345.00,172.50
180,7583333,14,"Object 15",344.50,172.50
181,7625000,14,"Object 15",346.00,172.00
182,7666666,14,"Object 15",346.00,172.00
183,7708333,14,"Object 15",346.00,172.00
184,7750000,14,"Object 15",346.00,172.00
185,7791666,14,"Object 15",345.50,172.50
186,7833333,14,"Object 15",346.00,172.00
187,7875000,14,"Object 15",346.00,172.00
188,7916666,14,"Object 15",346.50,172.00
189,7958333,14,"Object 15",346.50,172.50
190,8000000,14,"Object 15",346.00,171.50
191,8041666,14,"Object 15",346.50,172.00
192,8083333,14,"Object 15",344.50,172.50
193,8125000,14,"Object 15",344.50,172.50
194,8166666,14,"Object 15",344.00,172.50
195,8208333,14,"Object 15",343.00,172.00
196,8250000,14,"Object 15",342.50,172.00
197,8291666,14,"Object 15",341.50,172.00
198,8333333,14,"Object 15",341.50,171.50
199,8375000,14,"Object 15",340.50,172.00
200,8416666,14,"Object 15",340.50,171.50
201,8458333,14,"Object 15",340.00,172.00
202,8500000,14,"Object 15",339.50,172.00
203,8541666,14,"Object 15",339.00,172.50
204,8583333,14,"Object 15",338.50,172.00
205,8625000,14,"Object 15",337.50,172.50
206,8666666,14,"Object 15",336.50,171.50
207,8708333,14,"Object 15",336.50,171.50
208,8750000,14,"Object 15",336.50,171.50
209,8791666,14,"Object 15",336.00,171.50
210,8833333,14,"Object 15",335.00,170.50
211,8875000,14,"Object 15",335.00,171.00
212,8916666,14,"Object 15",334.00,171.00
213,8958333,14,"Object 15",334.00,170.50
214,9000000,14,"Object 15",333.50,170.50
215,9041666,14,"Object 15",334.00,170.50
216,9083333,14,"Object 15",333.00,170.50
217,9125000,14,"Object 15",333.00,170.50
218,9166666,14,"Object 15",333.00,170.50
219,9208333,14,"Object 15",333.00,170.50
220,9250000,14,"Object 15",333.00,171.00
221,9291666,14,"Object 15",332.00,171.00
222,9333333,14,"Object 15",333.00,171.00
223,9375000,14,"Object 15",332.00,171.00
224,9416666,14,"Object 15",332.00,171.00
225,9458333,14,"Object 15",331.50,170.50
226,9500000,14,"Object 15",331.50,171.50
227,9541666,14,"Object 15",331.00,171.00
228,9583333,14,"Object 15",332.00,171.00
229,9625000,14,"Object 15",331.00,170.50
230,9666666,14,"Object 15",332.00,170.00
231,9708333,14,"Object 15",332.00,170.00
232,9750000,14,"Object 15",332.00,170.00
233,9791666,14,"Object 15",332.00,170.00
234,9833333,14,"Object 15",331.50,170.50
235,9875000,14,"Object 15",331.50,170.50
236,9916666,14,"Object 15",332.00,170.50
237,9958333,14,"Object 15",333.00,170.50
238,10000000,14,"Object 15",333.00,170.50
239,10041666,14,"Object 15",333.00,170.50