frame_index,timestamp,object_id,label,x_pixel,y_pixel,object_number,x_m,y_m,inside_pool
0,83333,1,Object 2,411.0,241.5,2,4.872612295356211,3.8549400889490544,True
1,125000,1,Object 2,411.5,242.5,2,4.880077355023415,3.910084298721028,True
2,166666,1,Object 2,412.0,243.5,2,4.887522792719722,3.965083561482849,True
3,208333,1,Object 2,411.0,244.0,2,4.908204222138459,3.990154392457272,True
4,250000,1,Object 2,410.0,245.5,2,4.9429851368153,4.068942561162092,True
5,291666,1,Object 2,409.0,247.5,2,4.984632750016543,4.174113452258755,True
6,333333,1,Object 2,406.0,249.0,2,5.0460160218091294,4.248318561737478,True
7,375000,1,Object 2,404.5,250.0,2,5.080064109317286,4.2985567672076845,True
8,416666,1,Object 2,402.5,253.5,2,5.155009763225932,4.479455444165572,True
9,458333,1,Object 2,398.5,254.5,2,5.222049670802936,4.5242574355396465,True
10,500000,1,Object 2,395.0,255.5,2,5.282210371737862,4.569868665337506,True
11,541666,1,Object 2,391.5,255.5,2,5.328805842554148,4.5631711753254365,True
12,583333,1,Object 2,391.0,255.0,2,5.328765621573357,4.536081930903134,True
13,625000,1,Object 2,388.0,254.5,2,5.3620336492511065,4.504181898389461,True
14,666666,1,Object 2,387.5,252.5,2,5.341922153794882,4.398218223049857,True
15,708333,1,Object 2,384.5,251.0,2,5.361897068947495,4.313380942176709,True
16,750000,1,Object 2,381.0,250.0,2,5.3953416260204135,4.253804449400813,True
17,791666,1,Object 2,380.0,249.5,2,5.402042443246063,4.225393465200524,True
18,833333,1,Object 2,374.5,248.5,2,5.462400038997409,4.161832081219148,True
19,875000,1,Object 2,368.5,248.5,2,5.542794042556507,4.150460109183991,True
20,916666,1,Object 2,364.5,249.0,2,5.6029066133256915,4.169453128249635,True
21,958333,1,Object 2,361.5,250.0,2,5.656056314940145,4.216797095570246,True
22,1000000,1,Object 2,359.5,250.0,2,5.682750368150026,4.213007986961124,True
23,1041666,1,Object 2,357.5,250.5,2,5.71590300871449,4.23567594689754,True
24,1083333,1,Object 2,355.0,251.0,2,5.75565932050748,4.257359087262804,True
25,1125000,1,Object 2,355.0,253.0,2,5.781313440603139,4.362681053983708,True
26,1166666,1,Object 2,353.0,252.5,2,5.801485166853199,4.332609621732823,True
27,1208333,1,Object 2,352.0,252.5,2,5.814768215543049,4.330713293653748,True
28,1250000,1,Object 2,351.0,251.5,2,5.815297061368857,4.276163014900295,True
29,1291666,1,Object 2,352.0,252.5,2,5.814768215543049,4.330713293653748,True
30,1333333,1,Object 2,352.5,252.0,2,5.801741121056526,4.3053505918690895,True
31,1375000,1,Object 2,352.5,250.5,2,5.782532444089681,4.226207261116154,True
32,1416666,1,Object 2,354.0,251.0,2,5.76897473742553,4.255464658958042,True
33,1458333,1,Object 2,356.5,250.0,2,5.722775462477007,4.207326593120226,True
34,1500000,1,Object 2,360.5,250.5,2,5.6758998201295086,4.241360786050564,True
35,1541666,1,Object 2,362.0,250.0,2,5.649381468928429,4.217744561895,True
36,1583333,1,Object 2,367.0,248.5,2,5.562880473319462,4.147618823530711,True
37,1625000,1,Object 2,371.0,247.5,2,5.4960368190365365,4.1019423649335955,True
38,1666666,1,Object 2,375.5,248.0,2,5.442320539841801,4.13711509792202,True
39,1708333,1,Object 2,376.5,249.0,2,5.442258417896326,4.19220371833785,True
40,1750000,1,Object 2,383.5,250.0,2,5.36185782477822,4.258557334193367,True
41,1791666,1,Object 2,388.5,250.0,2,5.294850016634403,4.268068810802777,True
42,1833333,1,Object 2,390.5,250.5,2,5.2748117291877135,4.29835927451739,True
43,1875000,1,Object 2,392.5,251.0,2,5.25479386310097,4.328618868704652,True
44,1916666,1,Object 2,395.0,250.5,2,5.2144823862519285,4.306932656363413,True
45,1958333,1,Object 2,395.0,249.5,2,5.200827723731791,4.253922036880591,True
46,2000000,1,Object 2,397.0,247.5,2,5.1464662538546415,4.151274955959696,True
47,2041666,1,Object 2,398.5,248.5,2,5.140049583267453,4.207429516423201,True
48,2083333,1,Object 2,400.0,246.5,2,5.092175600712975,4.103532006106981,True
49,2125000,1,Object 2,401.0,245.5,2,5.064757297935665,4.051838229598102,True
50,2166666,1,Object 2,403.0,243.5,2,5.009684691515307,3.9480057265005204,True
51,2208333,1,Object 2,406.0,241.5,2,4.940686863529719,3.84546898770971,True
52,2250000,1,Object 2,405.0,241.5,2,4.954295153714241,3.843575688971429,True
53,2291666,1,Object 2,408.0,240.5,2,4.899218151827731,3.7949188245762775,True
54,2333333,1,Object 2,409.0,241.0,2,4.8927210040209745,3.823999428677699,True
55,2375000,1,Object 2,408.0,242.5,2,4.927670533977148,3.9034468130643982,True
56,2416666,1,Object 2,405.0,243.5,2,4.982552968929148,3.9517986528194537,True
57,2458333,1,Object 2,401.0,244.0,2,5.0438092321077495,3.971174666530579,True
58,2500000,1,Object 2,399.0,243.5,2,5.06392182259015,3.9404235524876476,True
59,2541666,1,Object 2,398.0,244.0,2,5.08444802393829,3.965486726747894,True
60,2583333,1,Object 2,397.0,244.0,2,5.097989912202554,3.9635913592548806,True
61,2625000,1,Object 2,395.0,244.0,2,5.125067128391891,3.9598015424756356,True
62,2666666,1,Object 2,397.0,244.0,2,5.097989912202554,3.9635913592548806,True
63,2708333,1,Object 2,400.0,243.5,2,5.050365827754292,3.942318636348577,True
64,2750000,1,Object 2,400.5,244.5,2,5.057570998308149,3.9971502371792735,True
65,2791666,1,Object 2,397.5,244.5,2,5.0981773610191885,3.9914600810232383,True
66,2833333,1,Object 2,400.5,243.0,2,5.036580809056176,3.9162695872683733,True
67,2875000,1,Object 2,399.5,244.5,2,5.071108637602794,3.995253212269193,True
68,2916666,1,Object 2,398.5,242.0,2,5.049710448454614,3.8583815951615756,True
69,2958333,1,Object 2,399.5,242.0,2,5.036126276830491,3.860273812587304,True
70,3000000,1,Object 2,400.0,239.5,2,4.994088461760045,3.7253199977282385,True
71,3041666,1,Object 2,402.0,238.0,2,4.94549157579591,3.647106060735815,True
72,3083333,1,Object 2,400.5,230.5,2,4.858288805211415,3.2292641976659393,True
73,3125000,1,Object 2,403.0,227.5,2,4.779880990875123,3.065509444496133,True
74,3166666,1,Object 2,404.5,221.5,2,4.670046845269986,2.7271938475838606,True
75,3208333,1,Object 2,408.0,218.5,2,4.575712973392601,2.560949517659196,True
76,3250000,1,Object 2,410.5,216.5,2,4.5099960181829415,2.4495938264779946,True
77,3291666,1,Object 2,412.0,215.5,2,4.473449997387522,2.394123633265668,True
78,3333333,1,Object 2,412.0,213.0,2,4.434885793828659,2.247814049208157,True
79,3375000,1,Object 2,411.0,213.0,2,4.449091660353395,2.245978370365549,True
80,3416666,1,Object 2,410.5,212.0,2,4.440723726177452,2.186250513931171,True
81,3458333,1,Object 2,409.0,207.0,2,4.384209096904528,1.8869548441041568,True
82,3500000,1,Object 2,405.5,202.5,2,4.363672303130505,1.6100977232242566,True
83,3541666,1,Object 2,401.0,197.0,2,4.341455002826583,1.2666579280989385,True
84,3583333,1,Object 2,392.5,192.0,2,4.385454337907611,0.9420740662130938,True
85,3625000,1,Object 2,387.5,190.0,2,4.4266646431313,0.8082208209217406,True
86,3666666,1,Object 2,382.5,188.5,2,4.476052644440284,0.7051913616043131,True
87,3708333,1,Object 2,378.0,188.5,2,4.542064783985391,0.6972642600947916,True
88,3750000,1,Object 2,372.5,190.0,2,4.646183883564278,0.7817331294756635,True
89,3791666,1,Object 2,367.5,193.0,2,4.765601311428372,0.9599468551656986,True
90,3833333,1,Object 2,361.0,197.5,2,4.928184903857208,1.2258775656983243,True
91,3875000,1,Object 2,355.5,201.0,2,5.05943542850182,1.4293462490004363,True
92,3916666,1,Object 2,350.0,207.0,2,5.225408935851754,1.7800905652747874,True
93,3958333,1,Object 2,345.0,213.5,2,5.3884337915365155,2.1547703252331427,True
94,4000000,1,Object 2,339.5,222.5,2,5.589397128186289,2.6645131011039562,True
95,4041666,1,Object 2,334.0,231.5,2,5.785230148902742,3.161242849183024,True
96,4083333,1,Object 2,324.5,248.5,2,6.1299976936884075,4.067398398061422,True
97,4125000,1,Object 2,319.0,261.0,2,6.353961097232192,4.709830948244701,True
98,4166666,1,Object 2,311.5,275.5,2,6.618803584060555,5.426296955420161,True
99,4208333,1,Object 2,306.0,290.5,2,6.853980894717943,6.1433663242328675,True
100,4250000,1,Object 2,300.0,308.5,2,7.11711312597925,6.969191720528797,True
101,4291666,1,Object 2,294.5,326.5,2,7.362616038718219,7.7593893664313836,True
102,4333333,1,Object 2,289.0,344.5,2,7.5974878174577665,8.515368693024046,True
103,4375000,1,Object 2,286.5,353.0,2,7.703779023981302,8.861287218137203,True
104,4416666,1,Object 2,284.0,365.0,2,7.838537498081391,9.339942507203034,True
105,4458333,1,Object 2,282.0,373.5,2,7.93430533260927,9.67050030852476,True
106,4500000,1,Object 2,281.5,381.0,2,8.003168426274252,9.959331768261798,True
107,4541666,1,Object 2,281.0,387.5,2,8.062644094727286,10.205566083690842,True
108,4583333,1,Object 2,277.0,394.5,2,8.163664150191694,10.45982639458312,True
109,4625000,1,Object 2,276.5,398.0,2,8.197198840794035,10.588416842713974,True
110,4666666,1,Object 2,273.5,400.5,2,8.249741156632805,10.674378255448385,True
111,4708333,1,Object 2,271.0,401.5,2,8.28479031084543,10.706027007241849,True
112,4750000,1,Object 2,267.5,402.5,2,8.330593845367487,10.73560140185028,True
113,4791666,1,Object 2,266.0,401.5,2,8.339073042855583,10.696057205054538,True
114,4833333,1,Object 2,264.0,400.5,2,8.353000806466179,10.655437043302214,True
115,4875000,1,Object 2,261.5,397.5,2,8.356817680285067,10.540068015557209,True
116,4916666,1,Object 2,260.5,392.0,2,8.324596301253816,10.333778874144475,True
117,4958333,1,Object 2,262.5,384.5,2,8.242813035301815,10.05508840614211,True
118,5000000,1,Object 2,267.5,376.0,2,8.117848734318581,9.738829655713179,True
119,5041666,1,Object 2,276.0,368.0,2,7.955050437597354,9.442868562305962,True
120,5083333,1,Object 2,288.0,363.0,2,7.7755315874756565,9.26821646723082,True
121,5125000,1,Object 2,296.5,359.5,2,7.647304793488993,9.144778884689234,True
122,5166666,1,Object 2,302.0,359.0,2,7.579750954581891,9.135570370024347,True
123,5208333,1,Object 2,306.5,357.5,2,7.514387826487302,9.083950985180248,True
124,5250000,1,Object 2,308.5,357.0,2,7.486786723185811,9.06769180522411,True
125,5291666,1,Object 2,309.5,356.0,2,7.466041222040232,9.029134628499952,True
126,5333333,1,Object 2,310.5,354.0,2,7.435949638162212,8.949745035137697,True
127,5375000,1,Object 2,310.0,355.0,2,7.45101353694241,8.98948760247672,True
128,5416666,1,Object 2,310.0,354.0,2,7.44172591034193,8.948750943088239,True
129,5458333,1,Object 2,309.0,352.0,2,7.434665038344561,8.865004089336269,True
130,5500000,1,Object 2,306.5,352.0,2,7.4636072661027555,8.86003802608144,True
131,5541666,1,Object 2,303.0,350.5,2,7.490221027621182,8.791522118880097,True
132,5583333,1,Object 2,297.0,349.0,2,7.545926161176741,8.717842880485016,True
133,5625000,1,Object 2,293.5,349.0,2,7.586523848326065,8.710908378018733,True
134,5666666,1,Object 2,289.5,350.5,2,7.646545377294906,8.764759627246882,True
135,5708333,1,Object 2,286.5,353.5,2,7.708270232171806,8.88170895403476,True
136,5750000,1,Object 2,285.5,358.0,2,7.759913623444716,9.062452679020687,True
137,5791666,1,Object 2,284.0,360.5,2,7.799154388371529,9.160166257408935,True
138,5833333,1,Object 2,283.5,359.5,2,7.796063256167691,9.118969200397359,True
139,5875000,1,Object 2,282.0,357.0,2,7.791171207115169,9.015074154477198,True
140,5916666,1,Object 2,281.0,352.0,2,7.758240260686102,8.809483310657134,True
141,5958333,1,Object 2,283.0,347.0,2,7.690109810500579,8.607430301291531,True
142,6000000,1,Object 2,285.5,345.0,2,7.642840243103066,8.529284648716276,True
143,6041666,1,Object 2,289.5,342.5,2,7.573192591424604,8.43277197144546,True
144,6083333,1,Object 2,292.0,338.0,2,7.501939967138696,8.248183133322966,True
145,6125000,1,Object 2,295.0,335.5,2,7.443012408605526,8.147925966649451,True
146,6166666,1,Object 2,299.0,334.5,2,7.386256030103176,8.113167132523682,True
147,6208333,1,Object 2,304.0,334.0,2,7.322325173830336,8.101670667789037,True
148,6250000,1,Object 2,309.5,333.5,2,7.252347568877878,8.09113991005569,True
149,6291666,1,Object 2,314.0,331.5,2,7.179320574694649,8.014194508676985,True
150,6333333,1,Object 2,318.0,329.0,2,7.106865283647732,7.914211387669791,True
151,6375000,1,Object 2,321.0,325.0,2,7.030736263072055,7.746149149232417,True
152,6416666,1,Object 2,326.0,321.5,2,6.934851395067411,7.602372685639247,True
153,6458333,1,Object 2,331.5,317.5,2,6.826776468571316,7.4359975094645545,True
154,6500000,1,Object 2,336.0,316.0,2,6.7563108801781935,7.3779511894523395,True
155,6541666,1,Object 2,341.0,315.0,2,6.684792264510878,7.343053082280782,True
156,6583333,1,Object 2,348.0,316.0,2,6.610228241529039,7.401605949031148,True
157,6625000,1,Object 2,356.0,315.5,2,6.507240935288472,7.395031632176896,True
158,6666666,1,Object 2,368.0,314.5,2,6.34951179562363,7.373923238977935,True
159,6708333,1,Object 2,380.5,317.0,2,6.224573186153195,7.510553443545262,True
160,6750000,1,Object 2,391.5,321.0,2,6.135508272750452,7.710021739097607,True
161,6791666,1,Object 2,403.5,325.5,2,6.040727937926602,7.931732263072657,True
162,6833333,1,Object 2,416.5,331.5,2,5.951903741630321,8.218170306877381,True
163,6875000,1,Object 2,429.0,339.5,2,5.893044654255645,8.584762895241767,True
164,6916666,1,Object 2,441.5,348.0,2,5.840882658770991,8.9657577489735,True
165,6958333,1,Object 2,455.5,357.5,2,5.783365386857802,9.383405750983819,True
166,7000000,1,Object 2,461.5,354.5,2,5.67859361173736,9.273591036173267,True
167,7041666,1,Object 2,465.0,355.5,2,5.648820974838569,9.321467644117675,True
168,7083333,1,Object 2,499.0,404.5,2,5.803116993728695,11.277290035177012,True
169,7125000,1,Object 2,512.0,420.0,2,5.823975397923629,11.85850702589248,True
170,7166666,1,Object 2,523.0,437.5,2,5.886339214234994,12.484896276322216,True
171,7208333,1,Object 2,531.0,450.0,2,5.927994631131704,12.918833240346457,True
172,7250000,1,Object 2,536.5,461.5,2,5.984916642134492,13.304498959936629,True
173,7291666,1,Object 2,541.0,471.5,2,6.036271722006893,13.631968904016993,True
174,7333333,1,Object 2,543.5,477.5,2,6.068652225924246,13.82486554032691,True
175,7375000,1,Object 2,543.5,478.0,2,6.073482714920585,13.840404624269501,True
176,7416666,1,Object 2,541.5,476.5,2,6.079645780525893,13.789610586214684,True
177,7458333,1,Object 2,534.5,470.5,2,6.094083511210475,13.587033541051609,True
178,7500000,1,Object 2,526.0,463.0,2,6.109752020091369,13.330983224935762,True
179,7541666,1,Object 2,517.5,459.0,2,6.15987824391,13.18470058926257,True
180,7583333,1,Object 2,504.5,450.5,2,6.214055861922241,12.880658151815824,True
181,7625000,1,Object 2,497.0,448.0,2,6.269163074704258,12.782717233692772,True
182,7666666,1,Object 2,490.0,447.0,2,6.333719281149785,12.735198865191204,True
183,7708333,1,Object 2,486.0,447.5,2,6.380949321089489,12.743554170528277,True
184,7750000,1,Object 2,483.5,447.5,2,6.407438497164265,12.738420356834725,True
185,7791666,1,Object 2,483.0,447.0,2,6.407947234774597,12.720820703834695,True
186,7833333,1,Object 2,483.5,445.0,2,6.3834319606092516,12.655377845983836,True
187,7875000,1,Object 2,484.5,443.5,2,6.358323844835985,12.607392543774752,True
188,7916666,1,Object 2,487.5,442.5,2,6.316670459036464,12.580106527965707,True
189,7958333,1,Object 2,491.0,440.5,2,6.259771856027414,12.520187094032885,True
190,8000000,1,Object 2,495.5,438.0,2,6.186926945702107,12.445143623992443,True
191,8041666,1,Object 2,502.5,435.0,2,6.081704698849809,12.357791928592313,True
192,8083333,1,Object 2,517.0,431.5,2,5.88936453744931,12.268120805302983,True
193,8125000,1,Object 2,530.0,431.0,2,5.743143829175378,12.277807207396162,True
194,8166666,1,Object 2,547.5,431.0,2,5.552886370907926,12.314009319759478,True
195,8208333,1,Object 2,578.0,429.0,2,5.1979981634592125,12.308503924091717,True
196,8250000,1,Object 2,619.5,426.5,2,4.712923504961093,12.308611793176631,True
197,8291666,1,Object 2,653.5,425.0,2,4.318242956578254,12.327777138464526,True
198,8333333,1,Object 2,694.5,426.5,2,3.8804577255037085,12.466194640052457,True
199,8375000,1,Object 2,732.0,428.5,2,3.487513603848091,12.614736652268952,True
200,8416666,1,Object 2,771.0,432.0,2,3.097942677828813,12.817995663529432,True
201,8458333,1,Object 2,808.5,436.0,2,2.733166334492858,13.034490035452919,True
202,8500000,1,Object 2,844.0,441.5,2,2.41361443876839,13.296200190349873,True
203,8541666,1,Object 2,883.5,445.0,2,2.022526246456596,13.49825782029294,True
204,8583333,1,Object 2,936.5,457.0,2,1.6095440882877594,14.006983212462455,True
205,8625000,1,Object 2,969.5,470.0,2,1.4396826623974117,14.493878715890329,True
206,8666666,1,Object 2,987.0,471.5,2,1.2699641843710288,14.579203303122336,True
207,8708333,1,Object 2,1001.0,474.5,2,1.161781847288634,14.70360465286709,True
208,8750000,1,Object 2,1012.5,479.0,2,1.104369060902684,14.868321115076174,True
209,8791666,1,Object 2,1021.5,480.5,2,1.0289008159812205,14.934245748934334,True
210,8833333,1,Object 2,1027.0,481.0,2,0.9764642302256243,14.961670568150643,True
211,8875000,1,Object 2,1032.5,483.0,2,0.9471153372162261,15.03504561805953,True
212,8916666,1,Object 2,1036.5,488.5,2,0.9876975629519824,15.211085543474264,True
213,8958333,1,Object 2,1038.0,484.0,2,0.9024959537500636,15.077668542462309,True
214,9000000,1,Object 2,1038.0,495.5,2,1.077355537246702,15.424459921850875,True
215,9041666,1,Object 2,1037.5,486.0,2,0.9386524715564235,15.137490811177999,True
216,9083333,1,Object 2,1034.0,487.5,2,0.9995992952695569,15.175338316434996,True
217,9125000,1,Object 2,1032.0,491.0,2,1.0743204718984,15.276617229118868,True
218,9166666,1,Object 2,1029.0,492.0,2,1.121781243029196,15.300096518696414,True
219,9208333,1,Object 2,1027.0,492.0,2,1.1433652718172362,15.295720063775807,True
220,9250000,1,Object 2,1024.5,498.0,2,1.2595724119890157,15.469225902834632,True
221,9291666,1,Object 2,1023.0,489.0,2,1.1415311953932488,15.196630794569348,True
222,9333333,1,Object 2,1023.0,490.0,2,1.156558109859101,15.226807532889135,True
223,9375000,1,Object 2,1023.5,489.0,2,1.136119910372149,15.19772487029305,True
224,9416666,1,Object 2,1024.5,488.0,2,1.1102190527607458,15.169673309689857,True
225,9458333,1,Object 2,1027.0,488.0,2,1.0831231037126898,15.175146425176647,True
226,9500000,1,Object 2,1029.5,489.5,2,1.0787155121775416,15.225954168355733,True
227,9541666,1,Object 2,1033.0,489.5,2,1.0408199585520839,15.2336197151606,True
228,9583333,1,Object 2,1038.5,490.5,2,0.9964387904616792,15.275810960946725,True
229,9625000,1,Object 2,1042.0,490.5,2,0.9585435831557798,15.283483764746917,True
230,9666666,1,Object 2,1044.0,490.5,2,0.9368816712899022,15.287869744175454,True
231,9708333,1,Object 2,1045.0,490.0,2,0.9184109960498342,15.275003180143647,True
232,9750000,1,Object 2,1044.5,488.5,2,0.9008786072333835,15.228630541241108,True
233,9791666,1,Object 2,1041.0,484.5,2,0.8774844077134692,15.099505917514747,True
234,9833333,1,Object 2,1033.0,480.0,2,0.8954302827712115,14.944075226133842,True
235,9875000,1,Object 2,1023.5,477.0,2,0.9532149671880976,14.830572437582031,True
236,9916666,1,Object 2,1012.5,473.5,2,1.020094675564215,14.697586479768717,True
237,9958333,1,Object 2,998.0,471.5,2,1.1489638861164138,14.603250355039096,True
238,10000000,1,Object 2,978.0,467.5,2,1.3084265512810567,14.433525706265302,True
239,10041666,1,Object 2,946.5,459.0,2,1.5285392918151055,14.093362341814574,True
0,83333,2,Object 3,160.5,316.0,3,8.8637946228934,7.036692147918257,True
1,125000,2,Object 3,159.5,317.0,3,8.883528908059205,7.079253713068075,True
2,166666,2,Object 3,158.5,317.5,3,8.89929242827157,7.099533275285144,True
3,208333,2,Object 3,156.5,319.5,3,8.938542801119878,7.1842208662411196,True
4,250000,2,Object 3,154.5,321.5,3,8.97759309096971,7.268476753090803,True
5,291666,2,Object 3,151.5,323.5,3,9.028175608834983,7.3503803155358804,True
6,333333,2,Object 3,147.0,325.5,3,9.096036168397795,7.428970276751945,True
7,375000,2,Object 3,143.5,327.5,3,9.15187176154489,7.509059498035553,True
8,416666,2,Object 3,139.0,332.5,3,9.240984234762701,7.715636794236114,True
9,458333,2,Object 3,133.0,334.0,3,9.3212181148438,7.76814473520801,True
10,500000,2,Object 3,128.5,335.0,3,9.380275245790921,7.802058733389579,True
11,541666,2,Object 3,124.5,335.5,3,9.42988804690799,7.815607321201015,True
12,583333,2,Object 3,121.5,335.0,3,9.46092257922075,7.788580693817593,True
13,625000,2,Object 3,117.5,334.5,3,9.503497352413815,7.7596104148173595,True
14,666666,2,Object 3,117.5,333.0,3,9.493051642082023,7.695635856938446,True
15,708333,2,Object 3,115.0,330.5,3,9.504485737457838,7.583706279752986,True
16,750000,2,Object 3,112.0,330.0,3,9.535711939737194,7.556449170496178,True
17,791666,2,Object 3,111.5,328.5,3,9.531067676078104,7.490836539049535,True
18,833333,2,Object 3,108.0,327.0,3,9.56123517657453,7.4192488062945925,True
19,875000,2,Object 3,103.5,326.5,3,9.6100094504636,7.38895886006196,True
20,916666,2,Object 3,99.5,326.0,3,9.653007233673518,7.359607981553295,True
21,958333,2,Object 3,97.5,324.5,3,9.665990624254379,7.29053016699479,True
22,1000000,2,Object 3,97.0,324.0,3,9.668389340116645,7.267771825511161,True
23,1041666,2,Object 3,96.5,323.5,3,9.670790750641732,7.244987917824521,True
24,1083333,2,Object 3,96.0,322.0,3,9.666353175186785,7.178389533115427,True
25,1125000,2,Object 3,96.0,322.0,3,9.666353175186785,7.178389533115427,True
26,1166666,2,Object 3,95.5,321.5,3,9.668759019025176,7.15550236550341,True
27,1208333,2,Object 3,95.5,320.0,3,9.658464253524073,7.089543838635591,True
28,1250000,2,Object 3,97.0,319.0,3,9.634026320676293,7.04829661265407,True
29,1291666,2,Object 3,98.0,320.0,3,9.629241582508703,7.094308306502427,True
30,1333333,2,Object 3,99.0,318.5,3,9.60714132612673,7.030013628026848,True
31,1375000,2,Object 3,99.0,316.5,3,9.593205121228038,6.941373426187689,True
32,1416666,2,Object 3,103.0,316.0,3,9.54269207444277,6.926760152278193,True
33,1458333,2,Object 3,105.5,315.5,3,9.509745225363877,6.909264240537398,True
34,1500000,2,Object 3,108.5,314.5,3,9.46727864158835,6.8703813038747645,True
35,1541666,2,Object 3,111.5,313.5,3,9.424690826836418,6.83138736660982,True
36,1583333,2,Object 3,118.0,312.5,3,9.340568144294513,6.798947184951131,True
37,1625000,2,Object 3,124.5,312.0,3,9.259884327008844,6.78887966254643,True
38,1666666,2,Object 3,129.0,311.5,3,9.202768079393493,6.774975994983125,True
39,1708333,2,Object 3,132.0,311.5,3,9.167152896984652,6.78069803070906,True
40,1750000,2,Object 3,138.5,310.5,3,9.082264844292602,6.748044867679069,True
41,1791666,2,Object 3,144.5,310.0,3,9.006943885821807,6.736927760110658,True
42,1833333,2,Object 3,148.0,310.0,3,8.965218584842512,6.743613754991745,True
43,1875000,2,Object 3,151.0,309.0,3,8.92155158673574,6.704110889248812,True
44,1916666,2,Object 3,153.0,307.5,3,8.885748286059991,6.639867709652835,True
45,1958333,2,Object 3,153.0,305.0,3,8.86580084508318,6.525869333205818,True
46,2000000,2,Object 3,156.5,302.0,3,8.799496753568771,6.394811106566289,True
47,2041666,2,Object 3,158.0,302.0,3,8.781402219707,6.397669125579097,True
48,2083333,2,Object 3,158.5,300.0,3,8.759034261269363,6.306227344816255,True
49,2125000,2,Object 3,157.5,299.5,3,8.767040882160297,6.281154428370177,True
50,2166666,2,Object 3,157.5,299.0,3,8.762947096336267,6.25795631610049,True
51,2208333,2,Object 3,159.0,297.0,3,8.728307319512878,6.167726769451247,True
52,2250000,2,Object 3,156.0,297.5,3,8.768833435706341,6.185338980612246,True
53,2291666,2,Object 3,156.5,295.5,3,8.746312146026618,6.092864744208749,True
54,2333333,2,Object 3,157.5,294.5,3,8.725873998408142,6.047875494853374,True
55,2375000,2,Object 3,157.5,294.0,3,8.721729143917283,6.024387993563953,True
56,2416666,2,Object 3,156.5,293.5,3,8.729774520043597,5.9989752480110825,True
57,2458333,2,Object 3,154.5,290.5,3,8.729293571906004,5.853477024994058,True
58,2500000,2,Object 3,154.5,289.5,3,8.720963341316251,5.806005028012629,True
59,2541666,2,Object 3,154.5,288.5,3,8.712612247212006,5.758414134839016,True
60,2583333,2,Object 3,155.0,288.0,3,8.70228947305741,5.735518429025105,True
61,2625000,2,Object 3,154.5,287.0,3,8.700046315185485,5.686803885782333,True
62,2666666,2,Object 3,153.5,285.0,3,8.69554357765654,5.589018168241034,True
63,2708333,2,Object 3,155.5,284.5,3,8.666662136264858,5.568737339353352,True
64,2750000,2,Object 3,155.5,285.0,3,8.670890532569631,5.592788562962199,True
65,2791666,2,Object 3,153.0,283.5,3,8.689065137318751,5.515835827214576,True
66,2833333,2,Object 3,153.5,281.5,3,8.665946098088176,5.420030296254088,True
67,2875000,2,Object 3,153.5,283.5,3,8.682890910677832,5.516777311962969,True
68,2916666,2,Object 3,155.0,282.5,3,8.655879393581898,5.471287817853798,True
69,2958333,2,Object 3,154.0,281.5,3,8.659755166536073,5.420970581106187,True
70,3000000,2,Object 3,153.0,279.5,3,8.65512223390656,5.3218542590832785,True
71,3041666,2,Object 3,152.5,279.5,3,8.661328552328966,5.320915411985035,True
72,3083333,2,Object 3,152.0,278.0,3,8.654741578718928,5.246727887189999,True
73,3125000,2,Object 3,151.5,275.5,3,8.63954993071799,5.123089082480074,True
74,3166666,2,Object 3,151.5,276.0,3,8.643842687194851,5.1476917256015575,True
75,3208333,2,Object 3,151.0,274.5,3,8.637194079442857,5.072854458012259,True
76,3250000,2,Object 3,150.0,272.5,3,8.632464859305799,4.972011675567311,True
77,3291666,2,Object 3,149.5,271.5,3,8.630091446971033,4.921402590603958,True
78,3333333,2,Object 3,148.0,270.0,3,8.63594149913639,4.843855459350243,True
79,3375000,2,Object 3,147.5,270.5,3,8.646541686600266,4.867871587464759,True
80,3416666,2,Object 3,147.0,270.0,3,8.648501463754858,4.841992276686855,True
81,3458333,2,Object 3,145.5,269.0,3,8.658714794280568,4.789209388483996,True
82,3500000,2,Object 3,145.5,269.0,3,8.658714794280568,4.789209388483996,True
83,3541666,2,Object 3,145.0,269.0,3,8.665000997398753,4.788278838046148,True
84,3583333,2,Object 3,145.5,269.0,3,8.658714794280568,4.789209388483996,True
85,3625000,2,Object 3,146.0,269.0,3,8.652428109565546,4.790140010212918,True
86,3666666,2,Object 3,146.5,268.5,3,8.641812734256423,4.766027531050542,True
87,3708333,2,Object 3,148.5,269.5,3,8.62532690827579,4.819806698433511,True
88,3750000,2,Object 3,149.0,269.5,3,8.61904153140683,4.820738108889199,True
89,3791666,2,Object 3,150.5,270.0,3,8.604533175876252,4.848514663827482,True
90,3833333,2,Object 3,151.0,270.5,3,8.602599349951614,4.874396975715671,True
91,3875000,2,Object 3,152.5,270.5,3,8.583759716308835,4.877194640414455,True
92,3916666,2,Object 3,153.5,271.0,3,8.57556220352832,4.903980205965728,True
93,3958333,2,Object 3,153.5,271.0,3,8.57556220352832,4.903980205965728,True
94,4000000,2,Object 3,155.0,271.5,3,8.561099538671257,4.931669285138722,True
95,4041666,2,Object 3,155.0,271.0,3,8.556727928061987,4.9067800077200046,True
96,4083333,2,Object 3,155.0,271.5,3,8.561099538671257,4.931669285138722,True
97,4125000,2,Object 3,155.0,271.5,3,8.561099538671257,4.931669285138722,True
98,4166666,2,Object 3,155.5,271.0,3,8.55044887605363,4.907713417707535,True
99,4208333,2,Object 3,156.0,271.5,3,8.548549323948931,4.933536884167001,True
100,4250000,2,Object 3,157.5,272.0,3,8.534107325623495,4.9611980290389415,True
101,4291666,2,Object 3,159.5,273.0,3,8.51780254218741,5.014562304885968,True
102,4333333,2,Object 3,161.5,273.5,3,8.497136549484141,5.043071409621234,True
103,4375000,2,Object 3,164.0,275.0,3,8.479048963460725,5.121868877312071,True
104,4416666,2,Object 3,167.0,276.0,3,8.450363867189022,5.176752493379078,True
105,4458333,2,Object 3,170.0,277.0,3,8.421738674336819,5.2315214953536,True
106,4500000,2,Object 3,172.5,276.5,3,8.386061480187124,5.211666385482135,True
107,4541666,2,Object 3,175.0,277.0,3,8.359283227730735,5.240921562370977,True
108,4583333,2,Object 3,179.5,278.0,3,8.312042501704708,5.298411942727257,True
109,4625000,2,Object 3,181.0,278.5,3,8.297817375077859,5.32570365989657,True
110,4666666,2,Object 3,183.0,278.5,3,8.272848839976922,5.329473099124917,True
111,4708333,2,Object 3,185.5,279.0,3,8.246167726201909,5.35862477079181,True
112,4750000,2,Object 3,186.5,280.0,3,8.242763834827873,5.40929610435314,True
113,4791666,2,Object 3,188.0,279.5,3,8.219510374570802,5.387750480041126,True
114,4833333,2,Object 3,189.5,280.5,3,8.209907319650071,5.43930924411314,True
115,4875000,2,Object 3,190.5,281.0,3,8.201999400889525,5.465516592826445,True
116,4916666,2,Object 3,191.5,282.0,3,8.198655422996639,5.5159515234937375,True
117,4958333,2,Object 3,192.0,282.5,3,8.196986417958144,5.5411239845853375,True
118,5000000,2,Object 3,199.5,282.0,3,8.09903942009173,5.531096402203885,True
119,5041666,2,Object 3,200.5,282.5,3,8.091202344301337,5.557222627619471,True
120,5083333,2,Object 3,211.0,282.0,3,7.955629961595159,5.552899313297314,True
121,5125000,2,Object 3,215.5,283.0,3,7.908933704750858,5.609893141968076,True
122,5166666,2,Object 3,218.5,283.0,3,7.8715055539476495,5.615594767589538,True
123,5208333,2,Object 3,222.5,284.0,3,7.831154995252201,5.671539007079686,True
124,5250000,2,Object 3,226.5,283.5,3,7.776440198731117,5.654998593768906,True
125,5291666,2,Object 3,230.0,283.5,3,7.732728584379774,5.661664014498152,True
126,5333333,2,Object 3,231.5,285.0,3,7.728553828151438,5.736907933343208,True
127,5375000,2,Object 3,233.5,288.0,3,7.732674563375441,5.884681536694576,True
128,5416666,2,Object 3,237.5,289.0,3,7.69266561713625,5.940078723499278,True
129,5458333,2,Object 3,244.5,289.5,3,7.6106094013875385,5.977315579215553,True
130,5500000,2,Object 3,246.5,290.5,3,7.595579763939301,6.028728600545516,True
131,5541666,2,Object 3,249.5,290.0,3,7.553417687422003,6.010707458652636,True
132,5583333,2,Object 3,257.5,289.5,3,7.448981427003501,6.002252292083271,True
133,5625000,2,Object 3,270.0,289.5,3,7.293271317012509,6.026275969409203,True
134,5666666,2,Object 3,274.5,293.5,3,7.278091948796371,6.2246672212297405,True
135,5708333,2,Object 3,267.0,289.5,3,7.33066848667054,6.020506160776869,True
136,5750000,2,Object 3,253.0,293.0,3,7.539583812554196,6.159648161438086,True
137,5791666,2,Object 3,246.5,294.5,3,7.634596610431628,6.2178568050406255,True
138,5833333,2,Object 3,246.0,294.0,3,7.635916249687955,6.193358407294225,True
139,5875000,2,Object 3,275.0,294.5,3,7.28206708216187,6.272768078521787,True
140,5916666,2,Object 3,281.0,295.0,3,7.212788331201004,6.307885245472735,True
141,5958333,2,Object 3,286.5,293.0,3,7.123828337918845,6.224224040033992,True
142,6000000,2,Object 3,289.0,293.0,3,7.092717902125437,6.229056168165611,True
143,6041666,2,Object 3,290.5,292.0,3,7.0635719114742495,6.184624857994743,True
144,6083333,2,Object 3,296.5,291.0,3,6.978143725014544,6.148767583940449,True
145,6125000,2,Object 3,297.5,290.0,3,6.955006127628728,6.103122148597986,True
146,6166666,2,Object 3,297.5,289.5,3,6.949674502055185,6.079287678239353,True
147,6208333,2,Object 3,298.0,287.0,3,6.916633663238465,5.960626334099574,True
148,6250000,2,Object 3,300.0,286.0,3,6.880710435493606,5.916418779771045,True
149,6291666,2,Object 3,302.0,285.5,3,6.850115580187223,5.896195966011194,True
150,6333333,2,Object 3,305.0,283.5,3,6.790453866622138,5.805347965081714,True
151,6375000,2,Object 3,315.0,280.0,3,6.624873035062655,5.654285409246956,True
152,6416666,2,Object 3,318.5,278.5,3,6.563392535092704,5.587545574291318,True
153,6458333,2,Object 3,322.0,279.0,3,6.524459495899973,5.618809792826807,True
154,6500000,2,Object 3,325.5,278.5,3,6.474115517205485,5.601023509302467,True
155,6541666,2,Object 3,329.0,279.5,3,6.440941454089555,5.65679956137584,True
156,6583333,2,Object 3,335.0,277.5,3,6.341166335448394,5.5701725446121095,True
157,6625000,2,Object 3,339.0,280.0,3,6.3191661042925045,5.700577117242,True
158,6666666,2,Object 3,342.5,279.5,3,6.268634118856031,5.682864972571302,True
159,6708333,2,Object 3,346.5,280.5,3,6.229284627914086,5.739526607987673,True
160,6750000,2,Object 3,350.0,280.5,3,6.184587216739331,5.746301719174116,True
161,6791666,2,Object 3,354.0,281.5,3,6.1453476404283665,5.802861301251644,True
162,6833333,2,Object 3,357.0,282.0,3,6.112995667797237,5.83303977339352,True
163,6875000,2,Object 3,360.5,283.0,3,6.080256235554061,5.888465128240737,True
164,6916666,2,Object 3,363.0,282.0,3,6.03638920348254,5.844686452407202,True
165,6958333,2,Object 3,367.0,282.5,3,5.991308686869266,5.876792835421401,True
166,7000000,2,Object 3,370.5,283.0,3,5.952644084175483,5.907904953513847,True
167,7041666,2,Object 3,373.5,283.5,3,5.920392657587722,5.938020347570207,True
168,7083333,2,Object 3,377.5,283.5,3,5.869304210421618,5.945810633969352,True
169,7125000,2,Object 3,380.5,284.0,3,5.837090424977505,5.975907286091374,True
170,7166666,2,Object 3,383.5,284.0,3,5.798761919513897,5.981757638892858,True
171,7208333,2,Object 3,385.5,283.5,3,5.767033404372751,5.9614055270143815,True
172,7250000,2,Object 3,388.5,283.0,3,5.722449166373627,5.942971747173257,True
173,7291666,2,Object 3,390.5,282.0,3,5.684373257261249,5.898204347665936,True
174,7333333,2,Object 3,392.5,281.5,3,5.652454888646947,5.877722343456549,True
175,7375000,2,Object 3,395.0,281.5,3,5.620348025603519,5.882598765803348,True
176,7416666,2,Object 3,397.5,281.0,3,5.581917780995023,5.863059535954258,True
177,7458333,2,Object 3,400.0,280.5,3,5.543423214767299,5.843487602829007,True
178,7500000,2,Object 3,402.0,280.0,3,5.511307109727812,5.822907260635694,True
179,7541666,2,Object 3,404.5,279.5,3,5.472690304491722,5.803269613393892,True
180,7583333,2,Object 3,407.0,278.0,3,5.421128848856797,5.734404193097423,True
181,7625000,2,Object 3,409.5,278.0,3,5.388795907878464,5.739280475612587,True
182,7666666,2,Object 3,410.5,277.5,3,5.369375743136266,5.7165840898700795,True
183,7708333,2,Object 3,412.5,277.5,3,5.343478632452411,5.720485790527543,True
184,7750000,2,Object 3,413.5,277.0,3,5.324008499034249,5.69775579247186,True
185,7791666,2,Object 3,414.5,276.5,3,5.304510096785081,5.674992792563545,True
186,7833333,2,Object 3,416.5,276.0,3,5.271999039845479,5.654146981090336,True
187,7875000,2,Object 3,417.5,275.0,3,5.245844660051922,5.6065050614195675,True
188,7916666,2,Object 3,419.0,274.5,3,5.219724191754687,5.584583891720632,True
189,7958333,2,Object 3,420.5,274.0,3,5.1935636270215895,5.56262907175307,True
190,8000000,2,Object 3,421.0,274.0,3,5.187048735596606,5.563603601023712,True
191,8041666,2,Object 3,421.5,273.0,3,5.167224555849194,5.514721673125033,True
192,8083333,2,Object 3,422.0,272.0,3,5.147347075035198,5.465708316893535,True
193,8125000,2,Object 3,422.5,272.0,3,5.140812610850425,5.4666817263358665,True
194,8166666,2,Object 3,422.0,272.0,3,5.147347075035198,5.465708316893535,True
195,8208333,2,Object 3,422.0,272.0,3,5.147347075035198,5.465708316893535,True
196,8250000,2,Object 3,421.5,272.0,3,5.153881029811976,5.464734983335398,True
197,8291666,2,Object 3,421.0,271.5,3,5.153734168015374,5.43871975367844,True
198,8333333,2,Object 3,420.5,271.5,3,5.160271630911156,5.43774691300426,True
199,8375000,2,Object 3,420.0,271.5,3,5.1668085838919975,5.436774148210587,True
200,8416666,2,Object 3,420.0,271.0,3,5.1601286110524445,5.411700132910909,True
201,8458333,2,Object 3,420.0,271.0,3,5.1601286110524445,5.411700132910909,True
202,8500000,2,Object 3,419.0,271.5,3,5.179880960347478,5.43482884622925,True
203,8541666,2,Object 3,418.0,271.5,3,5.192951297858958,5.4328838476634225,True
204,8583333,2,Object 3,417.5,271.5,3,5.199485702159765,5.431911462139145,True
205,8625000,2,Object 3,416.5,271.5,3,5.212552982149562,5.429966918563505,True
206,8666666,2,Object 3,416.0,271.0,3,5.212442119009858,5.40392348912053,True
207,8708333,2,Object 3,416.0,270.0,3,5.199128567731981,5.353682554060356,True
208,8750000,2,Object 3,416.0,269.5,3,5.1924587212713025,5.328512761576132,True
209,8791666,2,Object 3,415.5,269.0,3,5.192335197962466,5.302339650179036,True
210,8833333,2,Object 3,415.5,268.0,3,5.178960874176135,5.2518356638504855,True
211,8875000,2,Object 3,415.0,268.5,3,5.192211522428144,5.276134284022417,True
212,8916666,2,Object 3,414.5,268.0,3,5.192087694386765,5.249896603445182,True
213,8958333,2,Object 3,414.5,267.5,3,5.185396506396101,5.224595609561173,True
214,9000000,2,Object 3,414.0,267.0,3,5.18526831338279,5.198292687455135,True
215,9041666,2,Object 3,414.0,267.5,3,5.191963713556067,5.22362654863901,True
216,9083333,2,Object 3,414.5,266.5,3,5.1719877531392076,5.173893882959222,True
217,9125000,2,Object 3,414.5,265.5,3,5.15854371449439,5.123058733804307,True
218,9166666,2,Object 3,415.0,266.0,3,5.158688686721381,5.149461079255511,True
219,9208333,2,Object 3,416.0,265.5,3,5.13878397945293,5.125962055022768,True
220,9250000,2,Object 3,416.5,265.5,3,5.1321963657837655,5.12692998088334,True
221,9291666,2,Object 3,417.5,265.0,3,5.112256675600855,5.103396102840619,True
222,9333333,2,Object 3,419.0,265.0,3,5.092473803490452,5.106299701150218,True
223,9375000,2,Object 3,419.5,265.0,3,5.0858784753254485,5.107267719525115,True
224,9416666,2,Object 3,421.0,264.5,3,5.0592852619114295,5.084666148058236,True
225,9458333,2,Object 3,422.5,264.5,3,5.039477642164379,5.087570248422165,True
226,9500000,2,Object 3,424.5,264.5,3,5.013060203529435,5.091443449449519,True
227,9541666,2,Object 3,425.5,264.0,3,4.992993643309275,5.067837472913164,True
228,9583333,2,Object 3,428.0,264.5,3,4.966809657707696,5.098224487689753,True
229,9625000,2,Object 3,429.5,265.0,3,4.95386287565394,5.126644090656028,True
230,9666666,2,Object 3,431.0,265.0,3,4.93404260566041,5.1295531779780195,True
231,9708333,2,Object 3,433.0,265.5,3,4.914514284082606,5.158914266368705,True
232,9750000,2,Object 3,435.5,266.0,3,4.888402828995536,5.189217108099613,True
233,9791666,2,Object 3,436.0,267.0,3,4.895621530061176,5.24098764411407,True
234,9833333,2,Object 3,438.0,267.0,3,4.869240350852281,5.244876322904211,True
235,9875000,2,Object 3,440.0,267.0,3,4.84285087915961,5.248766224035687,True
236,9916666,2,Object 3,441.0,267.0,3,4.829653032409916,5.250711633159541,True
237,9958333,2,Object 3,442.0,267.5,3,4.823405757913616,5.278011175721115,True
238,10000000,2,Object 3,443.0,267.5,3,4.810212989554024,5.279957908321598,True
239,10041666,2,Object 3,443.0,267.0,3,4.803251114658586,5.254603368883925,True
0,83333,3,Object 4,245.5,433.5,4,8.794183644106859,11.786177936241582,True
1,125000,3,Object 4,245.5,434.5,4,8.801206786228075,11.82027755541789,True
2,166666,3,Object 4,245.5,435.5,4,8.808214987250159,11.854304630741069,True
3,208333,3,Object 4,241.0,444.5,4,8.91702327315163,12.148358526418303,True
4,250000,3,Object 4,245.5,440.0,4,8.839568268044259,12.006534916922623,True
5,291666,3,Object 4,244.0,444.5,4,8.886093503361698,12.154333391418557,True
6,333333,3,Object 4,240.0,448.5,4,8.954442393259793,12.279204941355317,True
7,375000,3,Object 4,236.5,452.5,4,9.017080021129399,12.403966039352081,True
8,416666,3,Object 4,235.0,456.0,4,9.055545476879889,12.515344079051639,True
9,458333,3,Object 4,231.5,457.5,4,9.100951827434557,12.55714072534303,True
10,500000,3,Object 4,229.5,462.5,4,9.153628069263727,12.714601069485585,True
11,541666,3,Object 4,223.5,468.5,4,9.25219771511835,12.894218628852766,True
12,583333,3,Object 4,234.5,463.5,4,9.10962970373153,12.756629951334165,True
13,625000,3,Object 4,226.0,470.0,4,9.236610960026901,12.946700379748528,True
14,666666,3,Object 4,239.0,465.0,4,9.073994649838282,12.81358855963189,True
15,708333,3,Object 4,241.0,466.0,4,9.060359674172195,12.8494902987235,True
16,750000,3,Object 4,242.0,466.0,4,9.050288163181397,12.851480700658245,True
17,791666,3,Object 4,237.5,469.0,4,9.114984763963713,12.937897963539946,True
18,833333,3,Object 4,235.5,468.5,4,9.1318392688791,12.918065526464543,True
19,875000,3,Object 4,237.0,468.5,4,9.116782004405124,12.921048857135915,True
20,916666,3,Object 4,239.5,471.0,4,9.107813117341477,13.005132059905696,True
21,958333,3,Object 4,244.0,472.0,4,9.069208986589022,13.045616985573139,True
22,1000000,3,Object 4,246.0,471.5,4,9.04593793519218,13.033841455369759,True
23,1041666,3,Object 4,248.0,471.0,4,9.02263732822775,13.022050969568848,True
24,1083333,3,Object 4,253.5,471.5,4,8.97076763257604,13.048780461270432,True
25,1125000,3,Object 4,256.5,473.0,4,8.95058189596241,13.101980259474578,True
26,1166666,3,Object 4,258.0,473.0,4,8.935558039760789,13.104970543547436,True
34,1500000,3,Object 4,273.5,471.0,4,8.766577208090748,13.07291352201495,True
35,1541666,3,Object 4,290.0,469.5,4,8.589980992464648,13.058500679003092,True
36,1583333,3,Object 4,301.0,466.5,4,8.457451022492222,12.985282634767222,True
37,1625000,3,Object 4,307.5,463.5,4,8.36974403437692,12.902475521769015,True
38,1666666,3,Object 4,314.5,462.5,4,8.29108067142893,12.884449767434043,True
39,1708333,3,Object 4,316.5,459.5,4,8.248425991882023,12.79182651460659,True
40,1750000,3,Object 4,320.0,457.5,4,8.197600169329284,12.734098106473471,True
41,1791666,3,Object 4,331.0,451.5,4,8.038533418948187,12.56031063204198,True
42,1833333,3,Object 4,336.5,453.0,4,7.993283559010479,12.620600495465492,True
43,1875000,3,Object 4,341.5,449.5,4,7.914101802019739,12.515612878502393,True
44,1916666,3,Object 4,346.0,447.0,4,7.847481917354768,12.441978826433001,True
45,1958333,3,Object 4,346.5,444.0,4,7.818251828705131,12.343155717139854,True
46,2000000,3,Object 4,351.0,440.5,4,7.7428018842080375,12.234962550223997,True
47,2041666,3,Object 4,352.0,438.0,4,7.7118555256337915,12.152676094876197,True
48,2083333,3,Object 4,356.0,439.5,4,7.68207894806593,12.211393307324496,True
49,2125000,3,Object 4,356.5,438.5,4,7.668584200235632,12.178663352812945,True
50,2166666,3,Object 4,361.0,434.0,4,7.583667116745125,12.03503154195232,True
51,2208333,3,Object 4,364.0,431.5,4,7.530803036040001,11.955610167776777,True
52,2250000,3,Object 4,364.0,432.0,4,7.535030365386588,11.972744506537593,True
53,2291666,3,Object 4,367.5,430.5,4,7.485104428372469,11.928366214250278,True
54,2333333,3,Object 4,369.5,429.5,4,7.4552697058009505,11.898015122384267,True
55,2375000,3,Object 4,370.5,428.0,4,7.431732738536064,11.848302151194112,True
56,2416666,3,Object 4,372.0,428.0,4,7.415720371769458,11.851338499461523,True
57,2458333,3,Object 4,371.0,426.5,4,7.413462816558667,11.7974091908318,True
58,2500000,3,Object 4,373.0,426.0,4,7.387742150358812,11.78411870384,True
59,2541666,3,Object 4,373.0,427.5,4,7.40072535870588,11.836080057088754,True
60,2583333,3,Object 4,374.5,428.5,4,7.393348985546934,11.873664744167673,True
61,2625000,3,Object 4,374.0,429.0,4,7.403000579897054,11.88989792774548,True
62,2666666,3,Object 4,373.5,428.0,4,7.399704903359523,11.854375435878673,True
63,2708333,3,Object 4,377.0,427.0,4,7.353633497821455,11.826879027404916,True
64,2750000,3,Object 4,377.0,427.5,4,7.357980804453816,11.844180823013087,True
65,2791666,3,Object 4,375.0,427.0,4,7.3750206668037475,11.82282816562749,True
66,2833333,3,Object 4,374.5,426.0,4,7.37168822318094,11.787155893161051,True
67,2875000,3,Object 4,374.0,426.0,4,7.377039878521677,11.786143431208862,True
68,2916666,3,Object 4,373.5,422.5,4,7.3519109443924515,11.66322848016771,True
69,2958333,3,Object 4,372.5,417.5,4,7.318768908927173,11.485439299715273,True
70,3000000,3,Object 4,370.0,417.0,4,7.3413779502879235,11.462698397234746,True
71,3041666,3,Object 4,369.5,417.0,4,7.346781707444052,11.46168686364624,True
72,3083333,3,Object 4,367.5,415.0,4,7.3508088958976945,11.38671957701822,True
73,3125000,3,Object 4,366.5,413.5,4,7.348417150163062,11.331301860100659,True
74,3166666,3,Object 4,364.0,414.0,4,7.379924819304935,11.344066030754748,True
75,3208333,3,Object 4,361.0,414.5,4,7.416800900725178,11.355801753238008,True
76,3250000,3,Object 4,357.0,414.0,4,7.455746688912464,11.32992395092899,True
77,3291666,3,Object 4,354.5,414.0,4,7.48280908355903,11.324876349922198,True
78,3333333,3,Object 4,351.0,406.5,4,7.45545506320986,11.048487829985204,True
79,3375000,3,Object 4,348.0,406.0,4,7.483817257242983,11.024325255789897,True
80,3416666,3,Object 4,345.0,406.0,4,7.516553380708468,11.018278893618751,True
81,3458333,3,Object 4,342.0,404.5,4,7.536257603477313,10.957775380478544,True
82,3500000,3,Object 4,338.5,404.5,4,7.57448461027395,10.950728007167879,True
83,3541666,3,Object 4,334.5,403.5,4,7.609542657828029,10.906272245795696,True
84,3583333,3,Object 4,328.0,402.5,4,7.671988483706172,10.856715858416525,True
85,3625000,3,Object 4,322.5,401.0,4,7.719331259709209,10.790787372503322,True
86,3666666,3,Object 4,318.0,400.5,4,7.764319478212022,10.763420538723166,True
87,3708333,3,Object 4,314.0,402.0,4,7.820670779599425,10.810331616811633,True
88,3750000,3,Object 4,309.0,400.5,4,7.862725585721686,10.74536962569153,True
89,3791666,3,Object 4,305.5,400.0,4,7.896807276371384,10.720003731775826,True
90,3833333,3,Object 4,301.0,397.5,4,7.925267341282625,10.618927555885529,True
91,3875000,3,Object 4,297.0,395.5,4,7.952526927441039,10.53690448878489,True
92,3916666,3,Object 4,294.0,394.0,4,7.973041962399656,10.475175521983855,True
93,3958333,3,Object 4,291.0,393.5,4,8.001877730320961,10.450562068317836,True
94,4000000,3,Object 4,288.0,391.0,4,8.014254079625013,10.35116981489458,True
95,4041666,3,Object 4,285.0,389.0,4,8.030825627394327,10.270086098479927,True
96,4083333,3,Object 4,280.5,387.5,4,8.068170489541991,10.204569242117143,True
97,4125000,3,Object 4,277.0,387.0,4,8.10275214098039,10.178704389780172,True
98,4166666,3,Object 4,273.0,386.0,4,8.138807769830143,10.132896177922497,True
99,4208333,3,Object 4,270.0,388.0,4,8.188182028403952,10.202517609111837,True
100,4250000,3,Object 4,267.5,388.5,4,8.219775584054988,10.216386124527425,True
101,4291666,3,Object 4,266.0,389.0,4,8.24031230928996,10.232224507839424,True
102,4333333,3,Object 4,264.5,387.5,4,8.244819531757338,10.172705592280598,True
103,4375000,3,Object 4,264.0,386.5,4,8.242312010949604,10.133915937936361,True
104,4416666,3,Object 4,265.5,386.0,4,8.221721644007511,10.117969994924225,True
105,4458333,3,Object 4,265.5,386.0,4,8.221721644007511,10.117969994924225,True
106,4500000,3,Object 4,266.0,386.0,4,8.216196650666639,10.11896460604918,True
107,4541666,3,Object 4,266.5,385.5,4,8.206632940227859,10.10100822949215,True
108,4583333,3,Object 4,271.5,383.5,4,8.13499727902337,10.034936849115956,True
109,4625000,3,Object 4,275.0,382.5,4,8.08793131377661,10.003762968165143,True
110,4666666,3,Object 4,279.0,383.5,4,8.05177210984464,10.049869207104688,True
111,4708333,3,Object 4,283.5,383.0,4,7.997624265827424,10.03977505011465,True
112,4750000,3,Object 4,287.5,382.5,4,7.94894657464331,10.028666338968005,True
113,4791666,3,Object 4,291.0,382.0,4,7.905757688217393,10.016541655201378,True
114,4833333,3,Object 4,292.5,381.5,4,7.884800192494252,10.000407020648511,True
115,4875000,3,Object 4,292.5,382.0,4,7.889045983413747,10.019534055329261,True
116,4916666,3,Object 4,292.0,380.5,4,7.8818750212276685,9.96109062996195,True
117,4958333,3,Object 4,292.0,381.5,4,7.890374434075146,9.999409568493133,True
118,5000000,3,Object 4,292.0,382.0,4,7.894616928099232,10.01853652121858,True
119,5041666,3,Object 4,293.0,383.0,4,7.891958431388078,10.058721035787855,True
120,5083333,3,Object 4,295.0,385.0,4,7.886658353626055,10.138834376215383,True
121,5125000,3,Object 4,297.0,385.0,4,7.864442154732133,10.142828427928583,True
122,5166666,3,Object 4,300.5,383.0,4,7.808442261314963,10.073695565351564,True
123,5208333,3,Object 4,304.0,381.0,4,7.752161893785395,10.004216452503597,True
124,5250000,3,Object 4,308.5,380.5,4,7.697507391182265,9.994036742026713,True
125,5291666,3,Object 4,311.0,376.5,4,7.634333258861982,9.844860334318676,True
126,5333333,3,Object 4,313.0,376.5,4,7.611843189709736,9.848857409773434,True
127,5375000,3,Object 4,311.5,373.0,4,7.597620098803182,9.70979798401816,True
128,5416666,3,Object 4,312.5,373.5,4,7.590791496049503,9.731299482475407,True
129,5458333,3,Object 4,312.5,372.5,4,7.581859165656439,9.692268632648641,True
130,5500000,3,Object 4,313.5,374.0,4,7.58396976878543,9.752779331799674,True
131,5541666,3,Object 4,315.0,376.0,4,7.584897078896792,9.833484101271031,True
132,5583333,3,Object 4,317.5,375.5,4,7.552279584308119,9.819088850630855,True
133,5625000,3,Object 4,319.5,374.5,4,7.520756699878798,9.78423342648212,True
134,5666666,3,Object 4,321.5,373.5,4,7.489153024907531,9.749288670768156,True
135,5708333,3,Object 4,323.0,372.5,4,7.463126444877407,9.713254175579754,True
136,5750000,3,Object 4,324.5,372.0,4,7.44159534946213,9.696703287825363,True
137,5791666,3,Object 4,325.5,371.0,4,7.421129429561458,9.659533394351161,True
138,5833333,3,Object 4,328.0,370.0,4,7.383578569104844,9.625273297853877,True
139,5875000,3,Object 4,330.0,368.5,4,7.346985997582374,9.570211915081897,True
140,5916666,3,Object 4,331.0,368.5,4,7.335603624921807,9.572212450444928,True
141,5958333,3,Object 4,332.5,367.5,4,7.3092169118961205,9.53572398118933,True
142,6000000,3,Object 4,333.0,367.0,4,7.2988504574046225,9.516945170103156,True
143,6041666,3,Object 4,333.0,365.5,4,7.284818229907039,9.457470407811751,True
144,6083333,3,Object 4,335.0,363.0,4,7.238394583042899,9.361884321934463,True
145,6125000,3,Object 4,337.0,363.5,4,7.2201979878891995,9.385847648467184,True
146,6166666,3,Object 4,336.0,363.0,4,7.226928138340285,9.363883881204275,True
147,6208333,3,Object 4,338.5,362.0,4,7.188741835543765,9.328885903700337,True
148,6250000,3,Object 4,336.5,362.0,4,7.211709036773225,9.324886579609082,True
149,6291666,3,Object 4,340.0,362.0,4,7.171512252546238,9.331886125001828,True
150,6333333,3,Object 4,342.5,360.5,4,7.128392754211656,9.276713489736201,True
151,6375000,3,Object 4,344.5,361.0,4,7.110182456015037,9.300796688755252,True
152,6416666,3,Object 4,344.5,362.0,4,7.119801983797928,9.340890536183856,True
153,6458333,3,Object 4,346.5,363.0,4,7.106434493127721,9.384895990143598,True
154,6500000,3,Object 4,347.5,364.0,4,7.104566640461483,9.426808119225388,True
155,6541666,3,Object 4,348.0,365.0,4,7.108432249966162,9.46762698135233,True
156,6583333,3,Object 4,350.5,364.5,4,7.074965873540939,9.452740014305583,True
157,6625000,3,Object 4,352.0,361.5,4,7.028686767080371,9.335873416402439,True
158,6666666,3,Object 4,354.0,362.5,4,7.0153977776350125,9.379932472420698,True
159,6708333,3,Object 4,356.5,363.0,4,6.991515457198702,9.404935978956972,True
160,6750000,3,Object 4,358.0,363.0,4,6.974263849570972,9.407944375443048,True
161,6791666,3,Object 4,360.0,362.5,4,6.946351606430785,9.391964308295487,True
162,6833333,3,Object 4,365.5,363.0,4,6.887951927358062,9.422995754369305,True
163,6875000,3,Object 4,363.5,364.0,4,6.920818305962692,9.45889692888532,True
164,6916666,3,Object 4,364.0,365.0,4,6.924894869851189,9.499724920556599,True
165,6958333,3,Object 4,367.0,364.5,4,6.885505532355335,9.485850077281594,True
166,7000000,3,Object 4,369.0,367.0,4,6.887178047012325,9.589146048574936,True
167,7041666,3,Object 4,370.0,368.0,4,6.88555421812344,9.630707520143243,True
168,7083333,3,Object 4,373.5,370.0,4,6.865175106274374,9.716579244522704,True
169,7125000,3,Object 4,379.0,369.0,4,6.792370394945112,9.6882830707102,True
170,7166666,3,Object 4,380.0,370.5,4,6.795810581371367,9.749321808280193,True
171,7208333,3,Object 4,380.0,370.5,4,6.795810581371367,9.749321808280193,True
172,7250000,3,Object 4,380.0,372.5,4,6.815587590623607,9.827704129529652,True
173,7291666,3,Object 4,379.5,374.0,4,6.83605260273901,9.88524641241224,True
174,7333333,3,Object 4,381.0,371.0,4,6.789337027057901,9.770966606729734,True
175,7375000,3,Object 4,381.5,370.0,4,6.773691136989941,9.732692235695506,True
176,7416666,3,Object 4,385.5,369.5,4,6.722908833352933,9.721079531425307,True
177,7458333,3,Object 4,387.0,368.5,4,6.695681232320107,9.68468349792975,True
178,7500000,3,Object 4,387.0,370.0,4,6.710737362499258,9.743780228713264,True
179,7541666,3,Object 4,387.0,368.5,4,6.695681232320107,9.68468349792975,True
180,7583333,3,Object 4,388.0,367.5,4,6.674128598965982,9.647187555796874,True
181,7625000,3,Object 4,388.5,366.5,4,6.658274087880717,9.60859154533422,True
182,7666666,3,Object 4,388.0,367.5,4,6.674128598965982,9.647187555796874,True
183,7708333,3,Object 4,387.0,369.0,4,6.700705743285682,9.704405177293456,True
184,7750000,3,Object 4,384.5,369.5,4,6.734363113314059,9.71906351715801,True
185,7791666,3,Object 4,383.0,369.5,4,6.7515415706569,9.716040017190233,True
186,7833333,3,Object 4,381.5,369.0,4,6.763736062922075,9.69331931690171,True
187,7875000,3,Object 4,378.5,372.5,4,6.832693071715672,9.824680802805062,True
188,7916666,3,Object 4,377.5,373.0,4,6.849007569841071,9.842204383987319,True
189,7958333,3,Object 4,377.0,373.0,4,6.854704384348611,9.841196793717248,True
190,8000000,3,Object 4,376.5,373.0,4,6.8604008076910565,9.840189272632182,True
191,8041666,3,Object 4,377.0,373.5,4,6.859608100347444,9.860713036556152,True
192,8083333,3,Object 4,378.0,371.0,4,6.823611373256459,9.764921424033732,True
193,8125000,3,Object 4,374.5,374.0,4,6.892950010739771,9.875169048401295,True
194,8166666,3,Object 4,374.5,374.5,4,6.8978253144000305,9.894640058277647,True
195,8208333,3,Object 4,374.0,374.5,4,6.90350947889141,9.893632612721532,True
196,8250000,3,Object 4,373.5,374.5,4,6.90919325383833,9.892625236207198,True
197,8291666,3,Object 4,374.0,373.5,4,6.893760135337461,9.854668402264497,True
198,8333333,3,Object 4,373.5,373.5,4,6.899450774314245,9.853661205138161,True
199,8375000,3,Object 4,373.0,374.5,4,6.914876639280832,9.891617928727547,True
200,8416666,3,Object 4,371.0,375.5,4,6.947292209202886,9.926463220165296,True
201,8458333,3,Object 4,370.5,377.5,4,6.972258568626316,10.002936720737008,True
202,8500000,3,Object 4,369.5,377.5,4,6.983579332275394,10.000921964975046,True
203,8541666,3,Object 4,368.5,378.0,4,6.999694123788574,10.018221975877072,True
204,8583333,3,Object 4,367.0,377.0,4,7.007083619848043,9.976549948716006,True
205,8625000,3,Object 4,366.0,378.0,4,7.027968430844512,10.013186559040992,True
206,8666666,3,Object 4,365.5,378.0,4,7.033622134929462,10.012179681783868,True
207,8708333,3,Object 4,364.5,378.0,4,7.044928386088919,10.010166133323471,True
208,8750000,3,Object 4,364.5,378.5,4,7.049691359060003,10.029457907345524,True
209,8791666,3,Object 4,363.5,379.0,4,7.065740061424247,10.046714067143204,True
210,8833333,3,Object 4,361.0,379.0,4,7.093961239821258,10.041681256623189,True
211,8875000,3,Object 4,361.0,380.0,4,7.103412773035439,10.08015377107948,True
212,8916666,3,Object 4,360.5,380.0,4,7.109049104638904,10.079147252338531,True
213,8958333,3,Object 4,361.0,379.5,4,7.098689700055349,10.060928478273867,True
214,9000000,3,Object 4,360.0,379.5,4,7.109968725927083,10.058915670804447,True
215,9041666,3,Object 4,358.5,379.0,4,7.122172807522771,10.036650160022017,True
216,9083333,3,Object 4,353.5,379.5,4,7.18324497782067,10.045839099403693,True
217,9125000,3,Object 4,356.5,379.0,4,7.144735145281872,10.032626516174378,True
218,9166666,3,Object 4,355.5,379.5,4,7.160705343810442,10.049861427591406,True
219,9208333,3,Object 4,356.5,379.0,4,7.144735145281872,10.032626516174378,True
220,9250000,3,Object 4,356.5,379.0,4,7.144735145281872,10.032626516174378,True
221,9291666,3,Object 4,356.5,379.0,4,7.144735145281872,10.032626516174378,True
222,9333333,3,Object 4,355.5,379.0,4,7.156014009557515,10.030615105241013,True
223,9375000,3,Object 4,354.5,379.0,4,7.16729133784901,10.028603968226653,True
224,9416666,3,Object 4,354.5,378.5,4,7.162601403902891,10.009335854375715,True
225,9458333,3,Object 4,354.0,378.5,4,7.168242867682112,10.008330471434357,True
226,9500000,3,Object 4,354.0,379.0,4,7.172929426098752,10.027598502421615,True
227,9541666,3,Object 4,352.0,378.5,4,7.19080487991876,10.004309624520667,True
228,9583333,3,Object 4,358.0,378.0,4,7.118381436297549,9.997084761428122,True
229,9625000,3,Object 4,358.0,377.5,4,7.11365708893066,9.977772032881422,True
230,9666666,3,Object 4,358.0,377.5,4,7.11365708893066,9.977772032881422,True
231,9708333,3,Object 4,355.0,378.0,4,7.152260888606067,9.991051115255502,True
232,9750000,3,Object 4,354.5,378.0,4,7.157906116766323,9.990045747489445,True
233,9791666,3,Object 4,352.5,378.0,4,7.18048318163748,9.986024961680736,True
234,9833333,3,Object 4,355.5,377.5,4,7.141907857526494,9.972744244953628,True
235,9875000,3,Object 4,352.5,378.0,4,7.18048318163748,9.986024961680736,True
236,9916666,3,Object 4,353.5,378.0,4,7.16919541867719,9.988035217547996,True
237,9958333,3,Object 4,355.5,377.5,4,7.141907857526494,9.972744244953628,True
238,10000000,3,Object 4,355.0,377.0,4,7.14284744589234,9.95240460169247,True
239,10041666,3,Object 4,354.0,377.5,4,7.158853694219786,9.969728395212622,True
0,83333,4,Object 5,542.0,495.5,5,6.254638205952186,14.371217226206573,True
1,125000,4,Object 5,542.5,496.5,5,6.258871045470501,14.402181955563575,True
2,166666,4,Object 5,543.0,497.5,5,6.263095541472291,14.433085649124155,True
3,208333,4,Object 5,541.0,499.0,5,6.297152877674647,14.473666110144404,True
4,250000,4,Object 5,540.0,501.5,5,6.33020625013578,14.545804339020256,True
5,291666,4,Object 5,537.0,505.5,5,6.3967519006559765,14.657573961101464,True
6,333333,4,Object 5,532.0,507.5,5,6.46476132126088,14.705917990033324,True
7,375000,4,Object 5,529.0,509.0,5,6.508090516770788,14.743568804793304,True
8,416666,4,Object 5,524.5,514.0,5,6.597010533416717,14.879429287667868,True
9,458333,4,Object 5,519.5,516.0,5,6.663935390591567,14.92682038847164,True
10,500000,4,Object 5,514.5,518.0,5,6.730554579490712,14.973995038218538,True
11,541666,4,Object 5,511.0,518.5,5,6.769311668483474,14.981153646592988,True
12,583333,4,Object 5,507.0,518.0,5,6.804413801621866,14.95865826791647,True
13,625000,4,Object 5,502.0,517.5,5,6.849377544570492,14.93410815348036,True
14,666666,4,Object 5,501.0,517.0,5,6.854981461917893,14.917717743323468,True
15,708333,4,Object 5,496.5,516.5,5,6.895060809893987,14.894164716630778,True
16,750000,4,Object 5,492.5,517.0,5,6.938636987837368,14.90036213097122,True
17,791666,4,Object 5,490.0,517.0,5,6.9632255027630015,14.895260869235356,True
18,833333,4,Object 5,484.0,516.5,5,7.018052991454287,14.868659414343536,True
19,875000,4,Object 5,478.0,517.5,5,7.085269331257602,14.885147162629233,True
20,916666,4,Object 5,474.0,519.0,5,7.1367948819137474,14.919971109394288,True
21,958333,4,Object 5,471.0,518.5,5,7.162101900271483,14.899555291727596,True
22,1000000,4,Object 5,469.0,519.5,5,7.189813225247531,14.924091640225386,True
23,1041666,4,Object 5,467.0,519.0,5,7.205330852672689,14.905727155203577,True
24,1083333,4,Object 5,465.5,520.5,5,7.232119305505099,14.945523686080344,True
25,1125000,4,Object 5,465.0,521.5,5,7.245052136096832,14.97300164970376,True
26,1166666,4,Object 5,463.0,520.5,5,7.25654032237813,14.940441530113917,True
27,1208333,4,Object 5,462.5,520.5,5,7.261423661161816,14.93942527884704,True
28,1250000,4,Object 5,463.0,520.0,5,7.252520461349514,14.92617282010363,True
29,1291666,4,Object 5,463.5,521.0,5,7.255675116580801,14.95571237902085,True
30,1333333,4,Object 5,463.0,520.5,5,7.25654032237813,14.940441530113917,True
31,1375000,4,Object 5,463.5,520.0,5,7.2476343019045,14.92718921246982,True
32,1416666,4,Object 5,465.0,519.5,5,7.228940113670689,14.915956251236322,True
33,1458333,4,Object 5,467.5,519.5,5,7.204487975610408,14.921040418742395,True
34,1500000,4,Object 5,470.0,520.0,5,7.184087968097036,14.940407775905625,True
35,1541666,4,Object 5,472.5,520.0,5,7.159634076971556,14.945494541604393,True
36,1583333,4,Object 5,477.0,519.0,5,7.1074049508560835,14.926079271677795,True
37,1625000,4,Object 5,482.0,517.5,5,7.046000621885026,14.893297658020902,True
38,1666666,4,Object 5,486.0,519.0,5,7.019172547587732,14.944416770897165,True
39,1708333,4,Object 5,488.0,518.0,5,6.991230087551318,14.919866111929528,True
40,1750000,4,Object 5,494.0,518.0,5,6.932280921101479,14.932106828785903,True
41,1791666,4,Object 5,498.5,517.5,5,6.883820254996847,14.926959327937276,True
42,1833333,4,Object 5,502.0,516.0,5,6.836634506450448,14.891023071234056,True
43,1875000,4,Object 5,505.0,516.0,5,6.807054451209381,14.897154466963,True
44,1916666,4,Object 5,507.5,514.0,5,6.765232618507775,14.844621991991044,True
45,1958333,4,Object 5,508.0,513.0,5,6.751677021617592,14.816736772509389,True
46,2000000,4,Object 5,512.0,511.5,5,6.699068223324751,14.781453745218466,True
47,2041666,4,Object 5,514.0,513.0,5,6.6922775653955355,14.829016297756292,True
48,2083333,4,Object 5,516.0,512.0,5,6.66375504705744,14.804148240206986,True
49,2125000,4,Object 5,516.5,512.5,5,6.663158191190816,14.81966108109259,True
50,2166666,4,Object 5,518.0,512.0,5,6.6439202083464135,14.808244981443988,True
51,2208333,4,Object 5,521.0,511.5,5,6.609769795471525,14.799889403170216,True
52,2250000,4,Object 5,518.5,512.5,5,6.643332598856254,14.823757749295902,True
53,2291666,4,Object 5,521.0,510.5,5,6.600978066451739,14.770840787358228,True
54,2333333,4,Object 5,522.5,510.5,5,6.586069955564608,14.77391579756877,True
55,2375000,4,Object 5,523.5,510.5,5,6.576129728829354,14.775966110914133,True
56,2416666,4,Object 5,523.0,510.5,5,6.581099990829142,14.774940923583953,True
57,2458333,4,Object 5,522.0,509.5,5,6.582219779518026,14.743784195719902,True
58,2500000,4,Object 5,523.0,508.5,5,6.563421597270724,14.71667005984996,True
59,2541666,4,Object 5,523.5,509.0,5,6.562869708070805,14.73228511371413,True
60,2583333,4,Object 5,526.0,512.0,5,6.564533463026847,14.824641734548983,True
61,2625000,4,Object 5,526.0,511.5,5,6.5601180510015915,14.810140004437915,True
62,2666666,4,Object 5,526.0,511.0,5,6.555698218517177,14.795623756020214,True
63,2708333,4,Object 5,529.0,511.0,5,6.525877211180585,14.801777534156988,True
64,2750000,4,Object 5,528.0,512.0,5,6.544674920584983,14.828743371618666,True
65,2791666,4,Object 5,525.0,511.5,5,6.5700507735537625,14.80808939414271,True
66,2833333,4,Object 5,525.0,510.5,5,6.561217158977342,14.779042040849694,True
67,2875000,4,Object 5,523.0,510.5,5,6.581099990829142,14.774940923583953,True
68,2916666,4,Object 5,523.0,509.0,5,6.567847844756515,14.731259692287155,True
69,2958333,4,Object 5,520.0,508.5,5,6.5932999325993835,14.710518357806553,True
70,3000000,4,Object 5,517.0,505.0,5,6.5922807141966855,14.601823713364853,True
71,3041666,4,Object 5,515.5,507.0,5,6.624910376138265,14.657434645050701,True
72,3083333,4,Object 5,513.0,505.0,5,6.632235120440921,14.593623614714772,True
73,3125000,4,Object 5,511.5,503.5,5,6.633996585970202,14.546377714787209,True
74,3166666,4,Object 5,511.0,505.0,5,6.652205119992041,14.589525043824741,True
75,3208333,4,Object 5,509.5,504.0,5,6.658394087627368,14.557018088092034,True
76,3250000,4,Object 5,509.0,504.0,5,6.663390228484678,14.555993637579792,True
77,3291666,4,Object 5,507.5,504.0,5,6.678376848065273,14.552920655743492,True
78,3333333,4,Object 5,506.5,502.5,5,6.675202850053761,14.50660915865946,True
79,3375000,4,Object 5,505.5,503.0,5,6.689594103791359,14.519330026119954,True
80,3416666,4,Object 5,505.0,503.5,5,6.698973043851959,14.533060516164793,True
81,3458333,4,Object 5,503.5,502.5,5,6.705212070843475,14.500464301594551,True
82,3500000,4,Object 5,502.0,502.5,5,6.720212615329396,14.49739270562051,True
83,3541666,4,Object 5,500.0,503.0,5,6.74456693830169,14.50806829309365,True
84,3583333,4,Object 5,497.0,503.5,5,6.77887433361712,14.51668441040775,True
85,3625000,4,Object 5,495.0,504.0,5,6.803160261731318,14.527334020838579,True
86,3666666,4,Object 5,493.0,504.5,5,6.827415930616562,14.537970362309748,True
87,3708333,4,Object 5,491.0,505.0,5,6.851641396790207,14.548593459604668,True
88,3750000,4,Object 5,489.0,504.5,5,6.867276363152137,14.529793296358042,True
89,3791666,4,Object 5,487.5,504.5,5,6.882219089034145,14.52672790927459,True
90,3833333,4,Object 5,486.0,504.0,5,6.892888288502041,14.508935435687947,True
91,3875000,4,Object 5,485.0,504.0,5,6.90285208092062,14.506892376347023,True
92,3916666,4,Object 5,484.0,504.0,5,6.912814676463718,14.50484956242346,True
93,3958333,4,Object 5,483.5,504.0,5,6.917795525474355,14.503828247479372,True
94,4000000,4,Object 5,483.5,504.0,5,6.917795525474355,14.503828247479372,True
95,4041666,4,Object 5,484.0,504.0,5,6.912814676463718,14.50484956242346,True
96,4083333,4,Object 5,486.0,504.0,5,6.892888288502041,14.508935435687947,True
97,4125000,4,Object 5,487.0,504.0,5,6.88292329899229,14.510978740490458,True
98,4166666,4,Object 5,489.5,503.5,5,6.853711999580408,14.501346115668989,True
99,4208333,4,Object 5,491.0,504.0,5,6.843051365725795,14.519154415201307,True
100,4250000,4,Object 5,493.0,503.5,5,6.818796154601521,14.508502265108524,True
101,4291666,4,Object 5,494.5,503.5,5,6.80382772217768,14.511570108357493,True
102,4333333,4,Object 5,496.0,503.5,5,6.788856589381863,14.514638505059066,True
103,4375000,4,Object 5,498.0,502.5,5,6.760200822221794,14.489204495158205,True
104,4416666,4,Object 5,499.0,502.0,5,6.745848672738539,14.476465952511045,True
105,4458333,4,Object 5,500.0,502.0,5,6.735846919058409,14.47851302351647,True
106,4500000,4,Object 5,501.0,502.0,5,6.725843960288519,14.480560341169072,True
107,4541666,4,Object 5,502.0,502.0,5,6.715839796211059,14.48260790551343,True
108,4583333,4,Object 5,503.0,502.5,5,6.71021255345374,14.499440374611876,True
109,4625000,4,Object 5,505.0,502.5,5,6.690208815996477,14.503536452557391,True
110,4666666,4,Object 5,506.5,501.5,5,6.666404983842648,14.477025913867084,True
111,4708333,4,Object 5,508.0,501.5,5,6.6513803566563885,14.48009960241133,True
112,4750000,4,Object 5,510.0,502.0,5,6.635763066364176,14.498997306524618,True
113,4791666,4,Object 5,512.0,501.0,5,6.606866494330701,14.473485569207185,True
114,4833333,4,Object 5,514.0,500.5,5,6.582359037625744,14.46275900053887,True
115,4875000,4,Object 5,516.0,500.0,5,6.55782086422933,14.452018987607282,True
116,4916666,4,Object 5,518.0,500.5,5,6.542208344036406,14.470965296095864,True
117,4958333,4,Object 5,520.5,500.5,5,6.517104307541356,14.476096244648314,True
118,5000000,4,Object 5,522.0,500.5,5,6.502038245854684,14.479175557706895,True
119,5041666,4,Object 5,523.5,499.0,5,6.473439586068466,14.437685506374821,True
120,5083333,4,Object 5,525.5,498.5,5,6.448781582437703,14.426907237483091,True
121,5125000,4,Object 5,527.0,499.0,5,6.43821211815353,14.444875529811084,True
122,5166666,4,Object 5,529.0,499.5,5,6.422619501562443,14.463856392915291,True
123,5208333,4,Object 5,531.0,500.5,5,6.411584504001637,14.497663162117279,True
124,5250000,4,Object 5,532.5,499.5,5,6.3873873926060165,14.471050709532884,True
125,5291666,4,Object 5,534.0,499.5,5,6.372283348475911,14.474134921034743,True
126,5333333,4,Object 5,535.5,499.0,5,6.352597530582738,14.462349703447586,True
127,5375000,4,Object 5,537.0,499.5,5,6.342067032279952,14.480305024164247,True
128,5416666,4,Object 5,539.0,500.0,5,6.326509947053448,14.499274097613077,True
129,5458333,4,Object 5,540.0,499.5,5,6.311839740521906,14.4864773684786,True
130,5500000,4,Object 5,542.0,499.5,5,6.2916821121952555,14.490593510393948,True
131,5541666,4,Object 5,543.5,499.0,5,6.271938548285824,14.478812424369234,True
132,5583333,4,Object 5,545.5,499.0,5,6.251761584950685,14.48293059827837,True
133,5625000,4,Object 5,547.0,499.5,5,6.241266676739242,14.500888227793155,True
134,5666666,4,Object 5,548.0,499.5,5,6.2311799253637785,14.502947919511518,True
135,5708333,4,Object 5,549.0,499.0,5,6.216440129898385,14.490139804748791,True
136,5750000,4,Object 5,550.5,499.0,5,6.201297776093254,14.493230400956328,True
137,5791666,4,Object 5,551.0,498.5,5,6.191582352996044,14.47937786093915,True
138,5833333,4,Object 5,552.0,498.0,5,6.176802382630374,14.46654099937896,True
139,5875000,4,Object 5,552.5,498.0,5,6.171747988196232,14.467571653837972,True
140,5916666,4,Object 5,553.0,498.0,5,6.16669328706728,14.468602370835903,True
141,5958333,4,Object 5,554.0,497.5,5,6.151889847453837,14.455751294344973,True
142,6000000,4,Object 5,554.5,497.5,5,6.1468315137897935,14.456782270296786,True
143,6041666,4,Object 5,555.0,497.0,5,6.1370695517675,14.44288558485741,True
144,6083333,4,Object 5,556.0,496.0,5,6.117514026072305,14.41504722730518,True
145,6125000,4,Object 5,557.0,495.5,5,6.102649674044758,14.402137077660857,True
146,6166666,4,Object 5,557.5,495.0,5,6.092842459472449,14.388180428909857,True
147,6208333,4,Object 5,558.0,494.5,5,6.0830246447058185,14.374208695020492,True
148,6250000,4,Object 5,558.0,494.5,5,6.0830246447058185,14.374208695020492,True
149,6291666,4,Object 5,558.0,493.5,5,6.073522686373511,14.344155739854262,True
150,6333333,4,Object 5,558.5,493.0,5,6.0636790709587824,14.330138341427977,True
151,6375000,4,Object 5,558.0,492.5,5,6.064001305512734,14.314041354785184,True
152,6416666,4,Object 5,558.0,492.5,5,6.064001305512734,14.314041354785184,True
153,6458333,4,Object 5,558.0,492.5,5,6.064001305512734,14.314041354785184,True
154,6500000,4,Object 5,558.0,492.5,5,6.064001305512734,14.314041354785184,True
155,6541666,4,Object 5,557.0,492.0,5,6.069414075885672,14.296896779233933,True
156,6583333,4,Object 5,557.0,491.5,5,6.064646704506038,14.281800929768458,True
157,6625000,4,Object 5,557.0,491.5,5,6.064646704506038,14.281800929768458,True
158,6666666,4,Object 5,556.5,492.5,5,6.079263744240198,14.310945218991371,True
159,6708333,4,Object 5,556.0,492.5,5,6.084350602828119,14.309913299700268,True
160,6750000,4,Object 5,556.0,492.5,5,6.084350602828119,14.309913299700268,True
161,6791666,4,Object 5,556.0,492.5,5,6.084350602828119,14.309913299700268,True
162,6833333,4,Object 5,556.5,492.5,5,6.079263744240198,14.310945218991371,True
163,6875000,4,Object 5,557.0,492.5,5,6.074176575177278,14.31197720126538,True
164,6916666,4,Object 5,557.0,492.0,5,6.069414075885672,14.296896779233933,True
165,6958333,4,Object 5,558.0,491.5,5,6.054460442511483,14.283865351271382,True
166,7000000,4,Object 5,559.0,490.5,5,6.034701512002125,14.255692478835577,True
167,7041666,4,Object 5,559.5,490.0,5,6.0248059539849566,14.241583097076944,True
168,7083333,4,Object 5,559.5,489.5,5,6.0200052096049825,14.226425626658669,True
169,7125000,4,Object 5,560.0,490.0,5,6.0197031514520445,14.242615790133566,True
170,7166666,4,Object 5,559.5,489.0,5,6.015199540664957,14.211252607844692,True
171,7208333,4,Object 5,559.0,488.0,5,6.010686957328152,14.179826940646347,True
172,7250000,4,Object 5,557.0,487.0,5,6.021519878833822,14.145240125830915,True
173,7291666,4,Object 5,553.5,485.5,5,6.042930070049074,14.092209863036109,True
174,7333333,4,Object 5,552.0,485.5,5,6.05830016705183,14.08911273092408,True
175,7375000,4,Object 5,548.0,486.0,5,6.104049588237159,14.096140449879023,True
176,7416666,4,Object 5,544.5,486.5,5,6.1446170791179,14.104188675693065,True
177,7458333,4,Object 5,545.5,478.0,5,6.05284195569675,13.844533398986751,True
178,7500000,4,Object 5,544.0,477.5,5,6.063489690263819,13.825897692119085,True
179,7541666,4,Object 5,545.0,478.0,5,6.058002624678542,13.843501109457812,True
180,7583333,4,Object 5,547.0,478.0,5,6.037358031632689,13.847630651055159,True
181,7625000,4,Object 5,547.5,479.0,5,6.041887203173424,13.87969222083368,True
182,7666666,4,Object 5,548.0,479.0,5,6.036730582596128,13.880724720148612,True
183,7708333,4,Object 5,547.5,478.5,5,6.037044154282643,13.864185746535407,True
184,7750000,4,Object 5,547.0,477.0,5,6.027652455853626,13.816537114481639,True
185,7791666,4,Object 5,545.0,477.0,5,6.048319673524895,13.812407141692402,True
186,7833333,4,Object 5,543.0,475.0,5,6.049600832458609,13.745895429330876,True
187,7875000,4,Object 5,542.0,473.5,5,6.045381036605721,13.696873026320164,True
188,7916666,4,Object 5,541.0,472.5,5,6.0460203255593825,13.663421434012008,True
189,7958333,4,Object 5,540.5,471.5,5,6.04146645721524,13.630936525840653,True
190,8000000,4,Object 5,540.5,471.5,5,6.04146645721524,13.630936525840653,True
191,8041666,4,Object 5,540.5,473.0,5,6.056073174687714,13.678090893909687,True
192,8083333,4,Object 5,538.5,472.5,5,6.071962184920248,13.658260671052009,True
193,8125000,4,Object 5,536.0,474.0,5,6.112395355728359,13.700159056193622,True
194,8166666,4,Object 5,534.0,475.0,5,6.14272084286546,13.727324070284723,True
195,8208333,4,Object 5,534.0,477.0,5,6.1618978582029404,13.789710578486252,True
196,8250000,4,Object 5,534.0,478.0,5,6.171456568787012,13.820806896956821,True
197,8291666,4,Object 5,534.0,478.0,5,6.171456568787012,13.820806896956821,True
198,8333333,4,Object 5,533.0,479.5,5,6.196047028824621,13.86526951490319,True
199,8375000,4,Object 5,532.0,481.0,5,6.2205582853360175,13.909588922998237,True
200,8416666,4,Object 5,532.0,482.0,5,6.230015874695041,13.94042946223293,True
201,8458333,4,Object 5,532.0,482.5,5,6.234737356804674,13.955825886069956,True
202,8500000,4,Object 5,531.5,483.5,5,6.249287003398627,13.985541211554017,True
203,8541666,4,Object 5,530.5,485.0,5,6.27360981405329,14.029481386187006,True
204,8583333,4,Object 5,529.5,485.5,5,6.2885120433425055,14.042724175633715,True
205,8625000,4,Object 5,529.0,486.0,5,6.298291621235346,14.056981019021539,True
206,8666666,4,Object 5,528.0,486.0,5,6.30850234554002,14.054922524543066,True
207,8708333,4,Object 5,527.0,486.0,5,6.318711817400835,14.052864282558808,True
208,8750000,4,Object 5,525.5,487.0,5,6.343312606581726,14.080303677174813,True
209,8791666,4,Object 5,525.0,487.5,5,6.3530449818052706,14.094514690943148,True
210,8833333,4,Object 5,525.0,487.5,5,6.3530449818052706,14.094514690943148,True
211,8875000,4,Object 5,524.5,488.5,5,6.367389116829725,14.123918858297419,True
212,8916666,4,Object 5,524.5,488.0,5,6.362766789229355,14.108710273828459,True
213,8958333,4,Object 5,524.5,487.5,5,6.358139722956639,14.093486097972452,True
214,9000000,4,Object 5,525.0,487.0,5,6.348410414790884,14.079274960449766,True
215,9041666,4,Object 5,525.5,487.5,5,6.347949928703533,14.09554334689446,True
216,9083333,4,Object 5,526.0,487.5,5,6.342854563622777,14.096572065832179,True
217,9125000,4,Object 5,527.0,487.0,5,6.32801730799254,14.083390205507719,True
218,9166666,4,Object 5,527.0,487.5,5,6.332662897409581,14.098629692689972,True
219,9208333,4,Object 5,527.0,487.5,5,6.332662897409581,14.098629692689972,True
220,9250000,4,Object 5,527.0,487.5,5,6.332662897409581,14.098629692689972,True
221,9291666,4,Object 5,526.0,488.0,5,6.347489886312318,14.111796058120316,True
222,9333333,4,Object 5,526.0,488.0,5,6.347489886312318,14.111796058120316,True
223,9375000,4,Object 5,525.5,488.0,5,6.352582498925869,14.110767400407903,True
224,9416666,4,Object 5,525.5,488.0,5,6.352582498925869,14.110767400407903,True
225,9458333,4,Object 5,526.0,488.0,5,6.347489886312318,14.111796058120316,True
226,9500000,4,Object 5,526.5,488.5,5,6.3470302869762705,14.12803311677194,True
227,9541666,4,Object 5,526.5,489.0,5,6.351658868699723,14.143225885655617,True
228,9583333,4,Object 5,526.5,489.0,5,6.351658868699723,14.143225885655617,True
229,9625000,4,Object 5,525.5,489.0,5,6.361833412858059,14.14116875473016,True
230,9666666,4,Object 5,526.0,488.5,5,6.352120461438382,14.12700445777885,True
231,9708333,4,Object 5,525.0,489.0,5,6.366920218429373,14.140140283587895,True
232,9750000,4,Object 5,524.0,489.5,5,6.381703026158074,14.15326106573391,True
233,9791666,4,Object 5,523.0,489.5,5,6.39186897654902,14.151204688109559,True
234,9833333,4,Object 5,523.0,489.5,5,6.39186897654902,14.151204688109559,True
235,9875000,4,Object 5,523.0,490.0,5,6.396468913724261,14.166366830045002,True
236,9916666,4,Object 5,522.5,491.0,5,6.410728994955465,14.195616748170709,True
237,9958333,4,Object 5,523.0,491.0,5,6.405654692789414,14.196644653560318,True
238,10000000,4,Object 5,523.0,491.0,5,6.405654692789414,14.196644653560318,True
239,10041666,4,Object 5,523.0,491.0,5,6.405654692789414,14.196644653560318,True
0,83333,5,Object 6,992.5,514.5,6,1.8351912378696889,15.880487496234974,True
1,125000,5,Object 6,993.0,516.0,6,1.8507933787304447,15.924495278995867,True
2,166666,5,Object 6,994.0,517.0,6,1.8542028106517001,15.955205402110137,True
3,208333,5,Object 6,993.5,519.5,6,1.8939630846043005,16.025221902769243,True
4,250000,5,Object 6,994.5,522.5,6,1.9247878404104222,16.112229938029465,True
5,291666,5,Object 6,994.0,526.5,6,1.9845617904040664,16.223467329147244,True
6,333333,5,Object 6,991.0,530.0,6,2.062856488362935,16.314519521328613,True
7,375000,5,Object 6,990.5,533.0,6,2.108247181229778,16.396499066248907,True
8,416666,5,Object 6,989.0,537.5,6,2.1834754379811594,16.516917456092152,True
9,458333,5,Object 6,986.0,540.0,6,2.247031442181859,16.578671013863126,True
10,500000,5,Object 6,984.0,542.0,6,2.2935692381174997,16.62869724860119,True
11,541666,5,Object 6,983.0,542.5,6,2.310247932438013,16.640094686295143,True
12,583333,5,Object 6,981.5,542.0,6,2.318956229228966,16.6233164660328,True
13,625000,5,Object 6,978.0,541.5,6,2.347983082707466,16.602221271095722,True
14,666666,5,Object 6,978.5,540.0,6,2.3233518042200125,16.562521687318878,True
15,708333,5,Object 6,976.0,539.0,6,2.335735610217683,16.529888978399473,True
16,750000,5,Object 6,973.0,538.5,6,2.3597544497042753,16.509786010461962,True
17,791666,5,Object 6,973.0,538.0,6,2.3532340183712783,16.496124712423843,True
18,833333,5,Object 6,968.0,537.5,6,2.3976528969193014,16.471692094916733,True
19,875000,5,Object 6,964.0,537.5,6,2.438387643652845,16.46309061256398,True
20,916666,5,Object 6,961.0,538.0,6,2.4753870889634686,16.470320280700708,True
21,958333,5,Object 6,959.0,538.0,6,2.495728911584437,16.466023138022248,True
22,1000000,5,Object 6,957.0,538.0,6,2.5160658752872513,16.461727021774156,True
23,1041666,5,Object 6,956.5,537.5,6,2.5147128180994835,16.446973913830885,True
24,1083333,5,Object 6,955.5,538.0,6,2.5313154104465063,16.458505607961808,True
25,1125000,5,Object 6,955.0,538.5,6,2.5428198942411555,16.471097886524554,True
26,1166666,5,Object 6,954.0,539.0,6,2.559388708294543,16.482603546923873,True
27,1208333,5,Object 6,953.5,538.0,6,2.5516438752306567,16.454211287082146,True
28,1250000,5,Object 6,953.0,537.5,6,2.5503078299022577,16.439457729481678,True
29,1291666,5,Object 6,954.0,538.5,6,2.552978665306449,16.468950983295382,True
30,1333333,5,Object 6,953.5,538.0,6,2.5516438752306567,16.454211287082146,True
31,1375000,5,Object 6,954.0,536.5,6,2.5272743157079267,16.414204038684467,True
32,1416666,5,Object 6,956.0,536.0,6,2.50045864453244,16.40477965165529,True
33,1458333,5,Object 6,959.0,536.5,6,2.47635888017004,16.42494625157756,True
34,1500000,5,Object 6,962.5,536.0,6,2.4342111107213102,16.418750785231495,True
35,1541666,5,Object 6,966.0,536.0,6,2.3985180058682447,16.426278207113697,True
36,1583333,5,Object 6,971.0,535.5,6,2.3409597508987754,16.423306724373504,True
37,1625000,5,Object 6,976.5,535.0,6,2.2781973217176734,16.421407626494112,True
38,1666666,5,Object 6,980.5,536.0,6,2.2504870838549498,16.45749687543051,True
39,1708333,5,Object 6,984.0,534.5,6,2.1948552694321344,16.42381797271781,True
40,1750000,5,Object 6,989.5,535.0,6,2.145181031150863,16.449436219622708,True
41,1791666,5,Object 6,995.5,534.0,6,2.0703301344007343,16.43487004570628,True
42,1833333,5,Object 6,998.5,533.5,6,2.0328279046649533,16.427572016900978,True
43,1875000,5,Object 6,1002.0,532.5,6,1.983381381241433,16.407539491310786,True
44,1916666,5,Object 6,1004.0,531.0,6,1.942475009112706,16.370366018666783,True
45,1958333,5,Object 6,1004.0,530.0,6,1.9288824994000275,16.342630421819273,True
46,2000000,5,Object 6,1007.0,528.5,6,1.8774444817411222,16.30741742810228,True
47,2041666,5,Object 6,1009.0,530.0,6,1.877298032969839,16.35345405866033,True
48,2083333,5,Object 6,1010.0,529.5,6,1.8601370551651137,16.341732270300962,True
49,2125000,5,Object 6,1010.0,529.5,6,1.8601370551651137,16.341732270300962,True
50,2166666,5,Object 6,1012.0,529.0,6,1.8326222277011608,16.332163746817454,True
51,2208333,5,Object 6,1013.0,528.5,6,1.8154154249322005,16.320415888023927,True
52,2250000,5,Object 6,1011.0,529.0,6,1.8429566311334915,16.329997199216184,True
53,2291666,5,Object 6,1013.0,527.0,6,1.7947601540736513,16.278587189953928,True
54,2333333,5,Object 6,1014.0,527.0,6,1.78440060982533,16.280755281133345,True
55,2375000,5,Object 6,1014.5,527.0,6,1.7792203669350377,16.281839425247068,True
56,2416666,5,Object 6,1013.5,526.5,6,1.7826786348745625,16.265700127417052,True
57,2458333,5,Object 6,1011.5,525.0,6,1.7826928748827724,16.219364014289734,True
58,2500000,5,Object 6,1011.5,524.0,6,1.7688486254764406,16.191292827397316,True
59,2541666,5,Object 6,1010.5,523.5,6,1.7723121750033028,16.175066609905112,True
60,2583333,5,Object 6,1010.5,525.0,6,1.79307200840227,16.217195571449807,True
61,2625000,5,Object 6,1010.5,524.5,6,1.7861591005296018,16.203166863977415,True
62,2666666,5,Object 6,1009.0,524.5,6,1.80173398184013,16.199914317729935,True
63,2708333,5,Object 6,1011.0,524.5,6,1.7809668428356784,16.204251177747878,True
64,2750000,5,Object 6,1010.0,526.0,6,1.8120601753237484,16.244126384643675,True
65,2791666,5,Object 6,1006.5,525.0,6,1.8345759455245496,16.208524431887685,True
66,2833333,5,Object 6,1007.0,524.5,6,1.8224960771933025,16.19557851099187,True
67,2875000,5,Object 6,1006.5,526.0,6,1.8483352284838663,16.23654112491284,True
68,2916666,5,Object 6,1007.0,526.0,6,1.8431540205248829,16.237624536366845,True
69,2958333,5,Object 6,1005.5,524.5,6,1.838064339917243,16.19232734692243,True
70,3000000,5,Object 6,1004.0,523.5,6,1.839856961969213,16.1609732836227,True
71,3041666,5,Object 6,1003.5,525.0,6,1.865690677982837,16.20202383926224,True
72,3083333,5,Object 6,1002.5,524.5,6,1.8691923604025327,16.1858267948988,True
73,3125000,5,Object 6,1002.5,524.5,6,1.8691923604025327,16.1858267948988,True
74,3166666,5,Object 6,1002.0,525.0,6,1.88124379699433,16.198774430292247,True
75,3208333,5,Object 6,1001.5,525.0,6,1.8864275409715916,16.197691425387227,True
76,3250000,5,Object 6,1001.5,525.5,6,1.8932822673912972,16.211708135266548,True
77,3291666,5,Object 6,1000.5,525.5,6,1.9036431342676154,16.209542572073968,True
78,3333333,5,Object 6,999.0,524.0,6,1.8986396116096305,16.164199966708505,True
79,3375000,5,Object 6,999.5,524.5,6,1.9003090460992873,16.17932860995092,True
80,3416666,5,Object 6,998.5,524.5,6,1.9106787568929728,16.177163074095013,True
81,3458333,5,Object 6,998.0,523.5,6,1.90215865346137,16.147973937476443,True
82,3500000,5,Object 6,997.5,523.5,6,1.9073484111917491,16.14689108634453,True
83,3541666,5,Object 6,997.0,523.5,6,1.9125378536879176,16.145808300986733,True
84,3583333,5,Object 6,997.0,523.5,6,1.9125378536879176,16.145808300986733,True
85,3625000,5,Object 6,996.5,522.5,6,1.904011689475521,16.116561142253964,True
86,3666666,5,Object 6,996.5,522.5,6,1.904011689475521,16.116561142253964,True
87,3708333,5,Object 6,996.5,522.5,6,1.904011689475521,16.116561142253964,True
88,3750000,5,Object 6,995.5,522.5,6,1.9144003965161451,16.11439540847766,True
89,3791666,5,Object 6,995.5,522.5,6,1.9144003965161451,16.11439540847766,True
90,3833333,5,Object 6,994.5,522.0,6,1.9179311323758488,16.09812571280301,True
91,3875000,5,Object 6,994.5,522.5,6,1.9247878404104222,16.112229938029465,True
92,3916666,5,Object 6,994.0,522.5,6,1.929981088749673,16.11114730153841,True
93,3958333,5,Object 6,994.0,522.5,6,1.929981088749673,16.11114730153841,True
94,4000000,5,Object 6,994.0,522.5,6,1.929981088749673,16.11114730153841,True
95,4041666,5,Object 6,993.5,521.5,6,1.9214650360414076,16.08184141982082,True
96,4083333,5,Object 6,993.5,521.5,6,1.9214650360414076,16.08184141982082,True
97,4125000,5,Object 6,994.0,521.0,6,1.909398561852885,16.068791122170374,True
98,4166666,5,Object 6,993.5,520.0,6,1.900849096837662,16.03939844903927,True
99,4208333,5,Object 6,994.5,519.5,6,1.8835425759432787,16.027388568579838,True
100,4250000,5,Object 6,994.5,519.0,6,1.8766437863072354,16.013197781641544,True
101,4291666,5,Object 6,995.0,518.0,6,1.857605685704933,15.985856464879774,True
102,4333333,5,Object 6,996.0,517.5,6,1.840237394142277,15.973790240430025,True
103,4375000,5,Object 6,996.0,517.0,6,1.8333016792203256,15.959541660006545,True
104,4416666,5,Object 6,997.0,517.0,6,1.8228491964790423,15.96171018667089,True
105,4458333,5,Object 6,997.0,516.0,6,1.8089448803751262,15.933169694982835,True
106,4500000,5,Object 6,997.0,516.0,6,1.8089448803751262,15.933169694982835,True
107,4541666,5,Object 6,997.0,516.0,6,1.8089448803751262,15.933169694982835,True
108,4583333,5,Object 6,997.0,516.0,6,1.8089448803751262,15.933169694982835,True
109,4625000,5,Object 6,997.0,515.5,6,1.801982029204178,15.918877500064049,True
110,4666666,5,Object 6,996.5,515.5,6,1.807217107768211,15.917792847371853,True
111,4708333,5,Object 6,997.0,515.5,6,1.801982029204178,15.918877500064049,True
112,4750000,5,Object 6,997.5,515.5,6,1.796746630034742,15.91996221918228,True
113,4791666,5,Object 6,997.5,515.5,6,1.796746630034742,15.91996221918228,True
114,4833333,5,Object 6,998.5,516.0,6,1.7932464099465502,15.936423696158707,True
115,4875000,5,Object 6,999.0,516.0,6,1.7880129458053955,15.937508496015269,True
116,4916666,5,Object 6,999.5,516.0,6,1.7827791612827317,15.938593362280965,True
117,4958333,5,Object 6,1000.0,515.5,6,1.7705648240755891,15.925386811377559,True
118,5000000,5,Object 6,1001.0,516.0,6,1.7670758851314756,15.941848359593841,True
119,5041666,5,Object 6,1002.0,516.0,6,1.7566054319169617,15.944018689959906,True
120,5083333,5,Object 6,1002.0,515.5,6,1.749613605405931,15.929727681425035,True
121,5125000,5,Object 6,1003.0,516.0,6,1.7461336964701084,15.946189286108906,True
122,5166666,5,Object 6,1003.5,516.0,6,1.740897347835945,15.947274683867263,True
123,5208333,5,Object 6,1004.0,516.0,6,1.7356606785553605,15.948360148089668,True
124,5250000,5,Object 6,1004.0,515.0,6,1.7216466380310944,15.919764415115997,True
125,5291666,5,Object 6,1004.0,515.0,6,1.7216466380310944,15.919764415115997,True
126,5333333,5,Object 6,1005.0,514.5,6,1.7041370990325664,15.90761636525344,True
127,5375000,5,Object 6,1006.0,515.0,6,1.700673530692273,15.924107888205496,True
128,5416666,5,Object 6,1006.5,515.0,6,1.6954294502339058,15.92519392290613,True
129,5458333,5,Object 6,1007.0,514.5,6,1.6831497865570153,15.911960844994798,True
130,5500000,5,Object 6,1008.0,514.0,6,1.6656058826745501,15.89979982752617,True
131,5541666,5,Object 6,1008.5,514.0,6,1.6603546929291484,15.90088636568211,True
132,5583333,5,Object 6,1009.0,514.0,6,1.655103180868903,15.901972970529103,True
133,5625000,5,Object 6,1009.5,514.0,6,1.6498513464641342,15.903059642073291,True
134,5666666,5,Object 6,1009.0,514.0,6,1.655103180868903,15.901972970529103,True
135,5708333,5,Object 6,1009.0,514.0,6,1.655103180868903,15.901972970529103,True
136,5750000,5,Object 6,1009.0,514.0,6,1.655103180868903,15.901972970529103,True
137,5791666,5,Object 6,1008.5,513.5,6,1.6532962130033562,15.886538088736119,True
138,5833333,5,Object 6,1008.5,513.5,6,1.6532962130033562,15.886538088736119,True
139,5875000,5,Object 6,1008.0,513.5,6,1.658550319110605,15.885451432533591,True
140,5916666,5,Object 6,1007.5,514.5,6,1.6779021538078536,15.913047131492668,True
141,5958333,5,Object 6,1007.5,514.5,6,1.6779021538078536,15.913047131492668,True
142,6000000,5,Object 6,1007.5,514.5,6,1.6779021538078536,15.913047131492668,True
143,6041666,5,Object 6,1007.5,514.5,6,1.6779021538078536,15.913047131492668,True
144,6083333,5,Object 6,1008.0,514.5,6,1.6726541991473518,15.914133484627815,True
145,6125000,5,Object 6,1008.5,514.0,6,1.6603546929291484,15.90088636568211,True
146,6166666,5,Object 6,1008.5,514.5,6,1.6674059225458873,15.915219904406369,True
147,6208333,5,Object 6,1008.5,514.5,6,1.6674059225458873,15.915219904406369,True
148,6250000,5,Object 6,1008.5,514.5,6,1.6674059225458873,15.915219904406369,True
149,6291666,5,Object 6,1009.0,514.5,6,1.6621573239738368,15.916306390834459,True
150,6333333,5,Object 6,1009.0,513.5,6,1.6480417842364545,15.88762481167124,True
151,6375000,5,Object 6,1010.0,513.0,6,1.6304574563541159,15.875435773246052,True
152,6416666,5,Object 6,1010.0,513.5,6,1.6375319586047872,15.889798457763844,True
153,6458333,5,Object 6,1010.5,513.0,6,1.6251991384630982,15.876522814296692,True
154,6500000,5,Object 6,1010.5,513.0,6,1.6251991384630982,15.876522814296692,True
155,6541666,5,Object 6,1010.5,513.0,6,1.6251991384630982,15.876522814296692,True
156,6583333,5,Object 6,1011.0,513.0,6,1.6199404974479628,15.877609922146101,True
157,6625000,5,Object 6,1011.0,513.0,6,1.6199404974479628,15.877609922146101,True
158,6666666,5,Object 6,1011.0,512.5,6,1.6128528640585178,15.86323268801091,True
159,6708333,5,Object 6,1011.0,512.5,6,1.6128528640585178,15.86323268801091,True
160,6750000,5,Object 6,1010.5,512.5,6,1.6181144296173116,15.862145462572162,True
161,6791666,5,Object 6,1010.5,512.5,6,1.6181144296173116,15.862145462572162,True
162,6833333,5,Object 6,1010.0,512.0,6,1.6162865934096935,15.846666027106485,True
163,6875000,5,Object 6,1009.5,511.5,6,1.6144569862551001,15.831171593984395,True
164,6916666,5,Object 6,1009.0,511.5,6,1.6197234382139725,15.83008433512366,True
165,6958333,5,Object 6,1009.0,511.5,6,1.6197234382139725,15.83008433512366,True
166,7000000,5,Object 6,1008.0,511.5,6,1.6302553699385998,15.827910018111433,True
167,7041666,5,Object 6,1008.0,511.5,6,1.6302553699385998,15.827910018111433,True
168,7083333,5,Object 6,1006.5,511.5,6,1.6460508374913798,15.824649044273576,True
169,7125000,5,Object 6,1005.5,511.5,6,1.6565795295193078,15.822475396096642,True
170,7166666,5,Object 6,1005.5,511.5,6,1.6565795295193078,15.822475396096642,True
171,7208333,5,Object 6,1004.5,511.0,6,1.6600354768522905,15.805878775397371,True
172,7250000,5,Object 6,1004.0,511.5,6,1.672370138648148,15.819215425280275,True
173,7291666,5,Object 6,1004.0,511.0,6,1.6653016191656465,15.804792069268794,True
174,7333333,5,Object 6,1004.0,511.0,6,1.6653016191656465,15.804792069268794,True
175,7375000,5,Object 6,1004.0,511.0,6,1.6653016191656465,15.804792069268794,True
176,7416666,5,Object 6,1004.0,511.0,6,1.6653016191656465,15.804792069268794,True
177,7458333,5,Object 6,1003.0,510.0,6,1.6616857519477346,15.773727043713667,True
178,7500000,5,Object 6,1003.5,509.0,6,1.6422321110841673,15.74586259157215,True
179,7541666,5,Object 6,1003.5,509.0,6,1.6422321110841673,15.74586259157215,True
180,7583333,5,Object 6,1003.5,508.0,6,1.628020509968467,15.716851478744458,True
181,7625000,5,Object 6,1003.5,508.0,6,1.628020509968467,15.716851478744458,True
182,7666666,5,Object 6,1003.0,507.0,6,1.6190685394290327,15.686692834921732,True
183,7708333,5,Object 6,1003.0,507.0,6,1.6190685394290327,15.686692834921732,True
184,7750000,5,Object 6,1002.5,506.5,6,1.6172316072432054,15.671047036148174,True
185,7791666,5,Object 6,1002.0,506.0,6,1.6153928859840763,15.655385999206812,True
186,7833333,5,Object 6,1001.5,505.5,6,1.6135523730366785,15.639709701825062,True
187,7875000,5,Object 6,1001.0,504.5,6,1.6045637353598186,15.609398948001195,True
188,7916666,5,Object 6,1000.5,504.5,6,1.6098659615917084,15.608311236432828,True
189,7958333,5,Object 6,1000.0,504.5,6,1.615167859350574,15.607223592248218,True
190,8000000,5,Object 6,999.5,503.5,6,1.6061723518863777,15.576851460920379,True
191,8041666,5,Object 6,998.5,504.5,6,1.6310715820942174,15.603961063934296,True
192,8083333,5,Object 6,997.5,504.0,6,1.6345394794999328,15.587151259617105,True
193,8125000,5,Object 6,997.5,505.0,6,1.6487979707778606,15.616406333444075,True
194,8166666,5,Object 6,997.5,504.0,6,1.6345394794999328,15.587151259617105,True
195,8208333,5,Object 6,998.0,504.0,6,1.6292362525786794,15.588238677624558,True
196,8250000,5,Object 6,999.0,503.5,6,1.6114795403735034,15.575763730294339,True
197,8291666,5,Object 6,1000.5,502.5,6,1.5812182656632907,15.549682132172624,True
198,8333333,5,Object 6,1003.0,501.0,6,1.533035349858311,15.51099315534161,True
199,8375000,5,Object 6,1004.5,500.0,6,1.502598575016822,15.484763521661568,True
200,8416666,5,Object 6,1006.5,499.5,6,1.474015460904572,15.474350097042736,True
201,8458333,5,Object 6,1009.0,499.5,6,1.4473316603619037,15.479798868500106,True
202,8500000,5,Object 6,1010.5,499.0,6,1.4240316366796615,15.46828360621619,True
203,8541666,5,Object 6,1011.5,498.0,6,1.398741341633407,15.44084761147595,True
204,8583333,5,Object 6,1011.0,497.5,6,1.396777840918436,15.424925424111198,True
205,8625000,5,Object 6,1009.5,497.5,6,1.4128293326028993,15.42165385228211,True
206,8666666,5,Object 6,1008.5,497.5,6,1.423528656734288,15.419473144837179,True
207,8708333,5,Object 6,1008.0,500.0,6,1.4652692860263834,15.492389619379818,True
208,8750000,5,Object 6,1007.0,502.5,6,1.5121087162834033,15.563833392738022,True
209,8791666,5,Object 6,1005.5,505.5,6,1.5711676282280556,15.648412573720249,True
210,8833333,5,Object 6,1003.5,509.0,6,1.6422321110841673,15.74586259157215,True
211,8875000,5,Object 6,1002.5,513.0,6,1.7092934700675853,15.859138169154512,True
212,8916666,5,Object 6,1001.5,514.5,6,1.740852509117556,15.900016089825336,True
213,8958333,5,Object 6,1000.0,517.0,6,1.791484077339051,15.968217358112256,True
214,9000000,5,Object 6,999.0,518.5,6,1.8227781738931912,16.008747926643636,True
215,9041666,5,Object 6,999.0,519.5,6,1.8366345553369108,16.03714183569918,True
216,9083333,5,Object 6,997.5,520.5,6,1.866084310871202,16.062226848189827,True
217,9125000,5,Object 6,997.5,521.5,6,1.8798670474959316,16.090505785255097,True
218,9166666,5,Object 6,997.0,522.5,6,1.8988168622033286,16.117644107905175,True
219,9208333,5,Object 6,996.5,522.5,6,1.904011689475521,16.116561142253964,True
220,9250000,5,Object 6,996.0,522.5,6,1.909206200903526,16.115478242446795,True
221,9291666,5,Object 6,996.0,522.5,6,1.909206200903526,16.115478242446795,True
222,9333333,5,Object 6,995.5,523.0,6,1.9212558291536177,16.128485038315713,True
223,9375000,5,Object 6,995.0,523.0,6,1.9264468584346202,16.127402392931387,True
224,9416666,5,Object 6,994.5,523.5,6,1.9384803386606997,16.14039536059975,True
225,9458333,5,Object 6,994.0,524.5,6,1.957326884784653,16.167421414412285,True
226,9500000,5,Object 6,993.5,525.5,6,1.976134038606805,16.19439097944107,True
227,9541666,5,Object 6,993.5,527.0,6,1.996520667429912,16.236361858522645,True
228,9583333,5,Object 6,993.0,525.5,6,1.981309606839888,16.19330921473933,True
229,9625000,5,Object 6,993.0,524.5,6,1.9676896766405776,16.165257323457595,True
230,9666666,5,Object 6,993.0,523.5,6,1.9540420486714396,16.137148385273527,True
231,9708333,5,Object 6,994.0,523.5,6,1.943667890354619,16.139312969760827,True
232,9750000,5,Object 6,994.0,522.0,6,1.9231272337070442,16.09704295395253,True
233,9791666,5,Object 6,994.5,520.5,6,1.8973190446154975,16.055726718023926,True
234,9833333,5,Object 6,995.5,519.0,6,1.8662162620892195,16.015364952772835,True
235,9875000,5,Object 6,996.5,519.5,6,1.8626977454737994,16.03172269304295,True
236,9916666,5,Object 6,998.0,517.5,6,1.8193426954808665,15.978127081336467,True
237,9958333,5,Object 6,998.5,517.0,6,1.8071680754257062,15.964963473949393,True
238,10000000,5,Object 6,999.5,516.5,6,1.7897493475250603,15.952870322681054,True
239,10041666,5,Object 6,999.5,516.5,6,1.7897493475250603,15.952870322681054,True
0,83333,6,Object 7,525.5,365.5,7,5.0553465773517035,9.847650352685884,True
1,125000,6,Object 7,526.0,364.0,7,5.031269894285738,9.788877385529556,True
2,166666,6,Object 7,523.5,363.5,7,5.054600763565967,9.76376411805247,True
3,208333,6,Object 7,527.0,363.5,7,5.013417803079663,9.770950920316182,True
4,250000,6,Object 7,525.0,363.5,7,5.036953399461067,9.766843744062838,True
5,291666,6,Object 7,523.5,365.0,7,5.072774851596855,9.823632975186642,True
6,333333,6,Object 7,519.0,366.0,7,5.137610876483074,9.85418938783582,True
7,375000,6,Object 7,516.5,367.0,7,5.178855635891964,9.888758982748444,True
8,416666,6,Object 7,515.0,370.5,7,5.237937329895046,10.02390130487415,True
9,458333,6,Object 7,511.0,371.5,7,5.296263558310072,10.05497504574544,True
10,500000,6,Object 7,508.5,372.5,7,5.337010417537132,10.089036848422836,True
11,541666,6,Object 7,506.5,372.5,7,5.3602250984557225,10.084933744578734,True
12,583333,6,Object 7,504.0,374.5,7,5.412392389864079,10.1579140717232,True
13,625000,6,Object 7,500.0,376.5,7,5.481610289500377,10.227455696007885,True
14,666666,6,Object 7,499.0,377.0,7,5.498858872674365,10.244784948944355,True
15,708333,6,Object 7,496.0,377.0,7,5.533441427320837,10.238634505138895,True
16,750000,6,Object 7,494.5,378.5,7,5.567725468810249,10.293563693367965,True
17,791666,6,Object 7,494.0,379.0,7,5.579125602909613,10.311828754445257,True
18,833333,6,Object 7,490.0,378.5,7,5.619466996701388,10.284342673516155,True
19,875000,6,Object 7,487.0,379.0,7,5.6595440497865726,10.297487368704669,True
20,916666,6,Object 7,484.5,380.0,7,5.699392949872049,10.330879307490923,True
21,958333,6,Object 7,483.5,380.0,7,5.710857089223456,10.328832076788794,True
22,1000000,6,Object 7,483.5,380.0,7,5.710857089223456,10.328832076788794,True
23,1041666,6,Object 7,483.5,379.5,7,5.7052938793569865,10.309588029875012,True
24,1083333,6,Object 7,485.0,378.5,7,5.676920039473186,10.274103786696658,True
25,1125000,6,Object 7,486.5,379.0,7,5.665285264497582,10.296463511890863,True
26,1166666,6,Object 7,487.5,376.5,7,5.625717854051518,10.20184400023175,True
27,1208333,6,Object 7,490.0,376.0,7,5.591262233337689,10.18756199751449,True
28,1250000,6,Object 7,493.5,376.0,7,5.550898586198015,10.194730750255626,True
29,1291666,6,Object 7,496.5,381.5,7,5.578623478103005,10.41307319255206,True
30,1333333,6,Object 7,499.0,380.5,7,5.538650911129509,10.379819905296976,True
31,1375000,6,Object 7,502.0,381.0,7,5.509880876357947,10.405178429272398,True
32,1416666,6,Object 7,504.5,381.0,7,5.481179637619438,10.410310750034546,True
33,1458333,6,Object 7,507.5,381.5,7,5.452436454461463,10.435653038955461,True
34,1500000,6,Object 7,511.0,382.5,7,5.423697903661169,10.48114194467157,True
35,1541666,6,Object 7,514.5,382.5,7,5.383537132832672,10.488337976220842,True
36,1583333,6,Object 7,520.5,382.5,7,5.3146452341831925,10.50068206887504,True
37,1625000,6,Object 7,526.0,382.0,7,5.2456169661415695,10.492866813553695,True
38,1666666,6,Object 7,530.0,382.5,7,5.205450347575983,10.520247675630953,True
39,1708333,6,Object 7,532.0,382.0,7,5.176574194827995,10.505229621545803,True
40,1750000,6,Object 7,539.0,381.5,7,5.09002673494026,10.500502462974959,True
41,1791666,6,Object 7,544.5,380.0,7,5.008653457347845,10.45422943896805,True
42,1833333,6,Object 7,546.5,380.0,7,4.985530431436193,10.45835867772915,True
43,1875000,6,Object 7,549.5,379.5,7,4.944806570676548,10.445301393131736,True
44,1916666,6,Object 7,552.0,377.5,7,4.891613691741233,10.37322898937203,True
45,1958333,6,Object 7,553.0,376.5,7,4.867823755367626,10.33654166961838,True
46,2000000,6,Object 7,558.5,374.5,7,4.779264642092332,10.270127878503931,True
47,2041666,6,Object 7,563.0,376.5,7,4.7515095688758535,10.357213752781782,True
48,2083333,6,Object 7,566.5,376.0,7,4.704563218643855,10.345043455276576,True
49,2125000,6,Object 7,566.0,376.5,7,4.716583882788293,10.363420963691448,True
50,2166666,6,Object 7,567.5,376.0,7,4.692910099832964,10.347113097970887,True
51,2208333,6,Object 7,569.0,375.5,7,4.669203886925535,10.330782892630797,True
52,2250000,6,Object 7,566.0,376.0,7,4.710389172144418,10.344008741540664,True
53,2291666,6,Object 7,567.0,375.0,7,4.686311438039071,10.30718582199187,True
54,2333333,6,Object 7,569.0,374.5,7,4.656735162654271,10.291844663748293,True
55,2375000,6,Object 7,571.0,373.5,7,4.620849242108374,10.256955268364884,True
56,2416666,6,Object 7,570.0,372.0,7,4.61372105204997,10.196170809881616,True
57,2458333,6,Object 7,569.0,369.5,7,4.593953934794557,10.095786930275127,True
58,2500000,6,Object 7,569.0,367.0,7,4.5622870891086365,9.996895427144615,True
59,2541666,6,Object 7,569.0,366.5,7,4.555931413881814,9.977047467457577,True
60,2583333,6,Object 7,571.5,363.0,7,4.481610327883046,9.842622131712243,True
61,2625000,6,Object 7,572.0,361.5,7,4.4563476533289075,9.783475806403883,True
62,2666666,6,Object 7,572.0,360.5,7,4.4434181351614255,9.743237430258228,True
63,2708333,6,Object 7,575.5,359.5,7,4.388784177320535,9.710134205304014,True
64,2750000,6,Object 7,576.0,361.5,7,4.408838598345571,9.791742666105067,True
65,2791666,6,Object 7,573.0,361.5,7,4.444472903351254,9.785542083918482,True
66,2833333,6,Object 7,573.5,359.5,7,4.412600316637424,9.706002090560748,True
67,2875000,6,Object 7,573.0,360.5,7,4.431528428150612,9.745303309364488,True
68,2916666,6,Object 7,573.0,360.5,7,4.431528428150612,9.745303309364488,True
69,2958333,6,Object 7,571.5,360.0,7,4.442889870940086,9.722049803308181,True
70,3000000,6,Object 7,569.0,358.5,7,4.4532162183086434,9.656281067629777,True
71,3041666,6,Object 7,569.0,359.0,7,4.459692945521859,9.676507057165765,True
72,3083333,6,Object 7,564.5,359.0,7,4.513254314893033,9.667220912606185,True
73,3125000,6,Object 7,565.0,358.0,7,4.494403714553401,9.627778128045028,True
74,3166666,6,Object 7,565.5,359.5,7,4.507797542776269,9.689485313579713,True
75,3208333,6,Object 7,567.5,358.0,7,4.464611939537984,9.632935683544085,True
76,3250000,6,Object 7,567.5,358.0,7,4.464611939537984,9.632935683544085,True
77,3291666,6,Object 7,568.0,359.0,7,4.471598418678669,9.674442958617083,True
78,3333333,6,Object 7,567.0,358.5,7,4.4770405037671415,9.652153579563924,True
79,3375000,6,Object 7,566.5,361.0,7,4.515208973244955,9.752010283136253,True
80,3416666,6,Object 7,567.0,362.0,7,4.52211230154131,9.79323136883737,True
81,3458333,6,Object 7,567.5,362.5,7,4.522595224402883,9.814322832749669,True
82,3500000,6,Object 7,565.0,363.5,7,4.564983250387794,9.849206840248996,True
83,3541666,6,Object 7,565.5,365.0,7,4.578168462592696,9.910132225608288,True
84,3583333,6,Object 7,569.0,363.0,7,4.511231901872635,9.8374566166469,True
85,3625000,6,Object 7,565.0,359.0,7,4.507304735060854,9.668252414583058,True
86,3666666,6,Object 7,560.5,357.0,7,4.5351384156557195,9.577930690493258,True
87,3708333,6,Object 7,559.0,355.5,7,4.533700303654438,9.513807149710528,True
88,3750000,6,Object 7,558.0,354.0,7,4.526276002747565,9.450497655078154,True
89,3791666,6,Object 7,571.0,364.5,7,4.506782029801115,9.901555467017682,True
90,3833333,6,Object 7,564.5,368.0,7,4.627936409601714,10.027219979585318,True
91,3875000,6,Object 7,561.0,368.5,7,4.675379435359186,10.039766336046803,True
92,3916666,6,Object 7,553.5,368.5,7,4.763474530959597,10.024282977759915,True
96,4083333,6,Object 7,560.5,365.5,7,4.643518456980666,9.919724412528636,True
97,4125000,6,Object 7,561.5,366.0,7,4.638037522829951,9.94168213601083,True
98,4166666,6,Object 7,563.5,367.0,7,4.6270926360705715,9.985529551505689,True
99,4208333,6,Object 7,562.5,369.0,7,4.664027679905861,10.062618951296377,True
100,4250000,6,Object 7,565.0,370.0,7,4.647225455789502,10.10722476875513,True
101,4291666,6,Object 7,566.5,370.0,7,4.629618391938666,10.11032588544942,True
102,4333333,6,Object 7,569.5,370.5,7,4.600700629161039,10.136216046996415,True
103,4375000,6,Object 7,572.5,370.5,7,4.56548258918866,10.14242332456375,True
104,4416666,6,Object 7,571.0,368.0,7,4.551427466409719,10.040657483984807,True
105,4458333,6,Object 7,570.0,367.5,7,4.556854474268688,10.018787753057593,True
106,4500000,6,Object 7,556.5,361.0,7,4.633846918132621,9.731381535328936,True
107,4541666,6,Object 7,565.5,358.5,7,4.494904292507231,9.649058730194188,True
108,4583333,6,Object 7,597.0,358.0,7,4.112270716236205,9.693933036432377,True
109,4625000,6,Object 7,605.0,364.0,7,4.097018748868966,9.952029923818548,True
112,4750000,6,Object 7,606.0,358.5,7,4.011247101359187,9.73285092987655,True
113,4791666,6,Object 7,606.5,359.5,7,4.018770518852847,9.774331801439166,True
114,4833333,6,Object 7,609.0,359.0,7,3.9820889541347015,9.759311133281104,True
115,4875000,6,Object 7,613.0,358.5,7,3.927370105184705,9.747382375166397,True
116,4916666,6,Object 7,618.0,360.0,7,3.887924671137052,9.818406836900898,True
117,4958333,6,Object 7,620.0,361.0,7,3.8776414122355343,9.86287043364411,True
118,5000000,6,Object 7,625.5,360.0,7,3.798071276750664,9.834007826916817,True
119,5041666,6,Object 7,629.5,360.5,7,3.7570207744806394,9.862501425975992,True
120,5083333,6,Object 7,634.5,363.0,7,3.731688434432083,9.973396169574384,True
121,5125000,6,Object 7,636.5,363.0,7,3.707771922987841,9.977566815611594,True
122,5166666,6,Object 7,637.5,363.5,7,3.7027330489730943,9.999677365588575,True
123,5208333,6,Object 7,632.5,363.0,7,3.75559818037229,9.969226703329742,True
124,5250000,6,Object 7,637.0,361.0,7,3.674037056816359,9.898273127987729,True
125,5291666,6,Object 7,638.0,360.0,7,3.6481029668563476,9.8600463992083,True
126,5333333,6,Object 7,636.0,360.0,7,3.672115782081857,9.8558771222083,True
127,5375000,6,Object 7,635.0,361.0,7,3.6980159850582828,9.894103675593215,True
128,5416666,6,Object 7,634.0,360.5,7,3.703066461323622,9.871876180807408,True
129,5458333,6,Object 7,634.5,361.0,7,3.704009654583278,9.893061497248095,True
130,5500000,6,Object 7,635.0,361.5,7,3.7049517956216893,9.914223179465608,True
131,5541666,6,Object 7,634.5,362.5,7,3.7247810392795233,9.953348200363305,True
132,5583333,6,Object 7,635.5,364.0,7,3.7335364223096157,10.01550650021053,True
133,5625000,6,Object 7,636.0,364.0,7,3.7275646444305717,10.01654937901656,True
134,5666666,6,Object 7,636.0,365.0,7,3.741344959979731,10.056480124301991,True
135,5708333,6,Object 7,637.0,365.5,7,3.736300708537745,10.078496635835702,True
136,5750000,6,Object 7,636.0,365.5,7,3.748222912541277,10.07641013031968,True
137,5791666,6,Object 7,636.0,364.5,7,3.734458875419686,10.036526554472609,True
138,5833333,6,Object 7,636.0,363.5,7,3.7206622525476547,9.996548556019894,True
139,5875000,6,Object 7,637.0,363.0,7,3.701791737680252,9.978609661522169,True
140,5916666,6,Object 7,638.5,361.5,7,3.6630108302816193,9.921521158268181,True
141,5958333,6,Object 7,640.5,360.0,7,3.6180773560241195,9.865259660855392,True
142,6000000,6,Object 7,644.5,358.0,7,3.541831215400056,9.792687588079382,True
143,6041666,6,Object 7,647.5,356.5,7,3.4843789570587984,9.73800377799586,True
144,6083333,6,Object 7,651.5,355.5,7,3.42175165593063,9.705599534763108,True
145,6125000,6,Object 7,654.0,355.5,7,3.3914949617078296,9.710818304137645,True
146,6166666,6,Object 7,655.0,356.0,7,3.3865711281890247,9.733295271365627,True
147,6208333,6,Object 7,654.5,356.0,7,3.3926203210625916,9.732251115275577,True
148,6250000,6,Object 7,654.5,357.0,7,3.406950590314122,9.772955720036231,True
149,6291666,6,Object 7,654.0,357.0,7,3.4129916151528135,9.771911433773631,True
150,6333333,6,Object 7,654.5,356.5,7,3.3997897375534234,9.752615580136741,True
151,6375000,6,Object 7,656.0,357.5,7,3.3959888192064325,9.796405186799328,True
152,6416666,6,Object 7,657.5,358.0,7,3.385037785228724,9.819831684648905,True
153,6458333,6,Object 7,659.5,358.5,7,3.368063719091159,9.84428057753971,True
154,6500000,6,Object 7,661.5,358.0,7,3.33673518575763,9.828193836195494,True
155,6541666,6,Object 7,663.5,358.5,7,3.3197782130511544,9.852645900826364,True
156,6583333,6,Object 7,666.5,358.5,7,3.2835460163600727,9.85892302337439,True
157,6625000,6,Object 7,667.0,358.5,7,3.277505810509983,9.859969471445412,True
158,6666666,6,Object 7,667.5,358.0,7,3.2642296133014237,9.840746009194254,True
159,6708333,6,Object 7,668.0,357.5,7,3.2509366046853296,9.821498204621793,True
160,6750000,6,Object 7,668.0,357.5,7,3.2509366046853296,9.821498204621793,True
161,6791666,6,Object 7,668.0,357.0,7,3.2436798621370735,9.801179636188303,True
162,6833333,6,Object 7,668.0,356.5,7,3.2364144380034987,9.780836759687629,True
163,6875000,6,Object 7,668.5,357.0,7,3.237626752709496,9.80222601146237,True
164,6916666,6,Object 7,670.0,357.0,7,3.219464830664024,9.805365585657297,True
165,6958333,6,Object 7,672.0,357.0,7,3.1952428807611946,9.809552731085816,True
166,7000000,6,Object 7,673.5,358.0,7,3.191661962158185,9.853308929262415,True
167,7041666,6,Object 7,674.0,358.5,7,3.1928977027239593,9.874627579692545,True
168,7083333,6,Object 7,675.0,360.5,7,3.2098914268708985,9.957567106452492,True
169,7125000,6,Object 7,675.0,360.5,7,3.2098914268708985,9.957567106452492,True
170,7166666,6,Object 7,676.0,361.0,7,3.2050847497911312,9.979814483786187,True
171,7208333,6,Object 7,676.5,361.5,7,3.206308789216464,10.000990044779485,True
172,7250000,6,Object 7,677.0,362.5,7,3.2147711950424926,10.042221408440772,True
173,7291666,6,Object 7,676.5,362.0,7,3.21355329924395,10.021093331225908,True
174,7333333,6,Object 7,676.0,362.0,7,3.2195747109526853,10.020044810917767,True
175,7375000,6,Object 7,676.5,359.5,7,3.177244337252996,9.920337108830328,True
176,7416666,6,Object 7,676.5,359.5,7,3.177244337252996,9.920337108830328,True
177,7458333,6,Object 7,677.0,359.0,7,3.1639115887099254,9.901161750244569,True
178,7500000,6,Object 7,677.5,359.0,7,3.157866202559007,9.90220986253847,True
179,7541666,6,Object 7,680.0,359.0,7,3.127632806516256,9.907451544920306,True
180,7583333,6,Object 7,684.5,359.5,7,3.080535220559056,9.937116199747717,True
181,7625000,6,Object 7,686.0,359.5,7,3.062389981374975,9.940264409848227,True
182,7666666,6,Object 7,689.5,359.5,7,3.0200359955057845,9.947612852310607,True
183,7708333,6,Object 7,688.5,361.0,7,3.0542286129309923,10.006045325911954,True
184,7750000,6,Object 7,691.0,361.0,7,3.0240251703423,10.01129709591408,True
185,7791666,6,Object 7,692.5,362.0,7,3.0206420571010923,10.05468534665991,True
186,7833333,6,Object 7,693.5,361.5,7,3.0011951485743342,10.036681044960027,True
187,7875000,6,Object 7,695.0,362.0,7,2.990460017378526,10.059941004821296,True
188,7916666,6,Object 7,696.5,363.0,7,2.9871163166785037,10.103237294588242,True
189,7958333,6,Object 7,696.5,363.0,7,2.9871163166785037,10.103237294588242,True
190,8000000,6,Object 7,697.5,363.0,7,2.975053336440257,10.105340879839162,True
191,8041666,6,Object 7,697.5,363.5,7,2.9824331986891663,10.125376259826481,True
192,8083333,6,Object 7,697.5,363.5,7,2.9824331986891663,10.125376259826481,True
193,8125000,6,Object 7,697.5,364.0,7,2.98980429225452,10.145387833962,True
194,8166666,6,Object 7,697.0,364.0,7,2.995828306702371,10.144335832845728,True
195,8208333,6,Object 7,697.0,363.0,7,2.981085040810203,10.104289049851884,True
196,8250000,6,Object 7,696.0,362.0,7,2.978384196170793,10.062043791407925,True
197,8291666,6,Object 7,696.0,362.0,7,2.978384196170793,10.062043791407925,True
198,8333333,6,Object 7,696.0,362.0,7,2.978384196170793,10.062043791407925,True
199,8375000,6,Object 7,695.5,362.0,7,2.984422321486084,10.060992360726486,True
200,8416666,6,Object 7,695.0,362.0,7,2.990460017378526,10.059941004821296,True
201,8458333,6,Object 7,695.0,362.5,7,2.997838183323414,10.080023684038458,True
202,8500000,6,Object 7,694.5,361.5,7,2.989114186178509,10.038783204668666,True
203,8541666,6,Object 7,694.0,362.5,7,3.0099045784591594,10.077921020221748,True
204,8583333,6,Object 7,694.0,363.5,7,3.0246192116086714,10.118014415763627,True
205,8625000,6,Object 7,694.0,365.0,7,3.046625691172187,10.177976120595767,True
206,8666666,6,Object 7,693.5,364.5,7,3.045316095920109,10.156961051137756,True
207,8708333,6,Object 7,693.5,365.0,7,3.0526390513701487,10.176924473950672,True
208,8750000,6,Object 7,694.5,366.5,7,3.062551652265652,10.238776739260835,True
209,8791666,6,Object 7,694.5,367.0,7,3.06984758773688,10.258645887813916,True
210,8833333,6,Object 7,695.0,367.5,7,3.071139757714891,10.279543729482457,True
211,8875000,6,Object 7,695.0,370.0,7,3.1074663030711056,10.378421196173518,True
212,8916666,6,Object 7,695.0,371.0,7,3.1219370022022757,10.417809088892415,True
213,8958333,6,Object 7,694.0,372.0,7,3.148295415020199,10.454998619998488,True
214,9000000,6,Object 7,693.0,373.0,7,3.174588172362861,10.492095516682431,True
215,9041666,6,Object 7,692.5,374.5,7,3.202024617884074,10.549673527776509,True
216,9083333,6,Object 7,691.0,373.0,7,3.1983933141235457,10.487885123455834,True
217,9125000,6,Object 7,690.5,372.5,7,3.1971802032317536,10.467243450048423,True
218,9166666,6,Object 7,690.5,375.5,7,3.2400344278602793,10.58443474709854,True
219,9208333,6,Object 7,688.5,378.5,7,3.306221556577247,10.696593393486394,True
220,9250000,6,Object 7,689.0,379.0,7,3.307366196452602,10.716961895199264,True
221,9291666,6,Object 7,689.0,379.0,7,3.307366196452602,10.716961895199264,True
222,9333333,6,Object 7,691.0,376.5,7,3.2483281783723106,10.624368531157533,True
223,9375000,6,Object 7,688.0,379.0,7,3.3191737142709257,10.714856207086056,True
224,9416666,6,Object 7,688.5,378.0,7,3.299164719241044,10.677255211570705,True
225,9458333,6,Object 7,689.0,377.5,7,3.2861845808693704,10.658947130993315,True
226,9500000,6,Object 7,689.5,377.0,7,3.2731883561292223,10.640616361094606,True
227,9541666,6,Object 7,690.0,377.0,7,3.267268769981701,10.641669148614906,True
228,9583333,6,Object 7,685.5,379.0,7,3.3486853117051165,10.709593270296537,True
229,9625000,6,Object 7,685.5,379.5,7,3.355703584985525,10.728886021419141,True
230,9666666,6,Object 7,685.0,382.5,7,3.4035174097961582,10.843119124620582,True
231,9708333,6,Object 7,685.0,383.0,7,3.4104750934945516,10.862255305544348,True
232,9750000,6,Object 7,685.5,384.5,7,3.4254389481542433,10.920583744249965,True
233,9791666,6,Object 7,685.5,385.0,7,3.4323680584211655,10.939631392373615,True
234,9833333,6,Object 7,685.5,383.5,7,3.4115566076986723,10.882422143994772,True
235,9875000,6,Object 7,684.5,384.5,7,3.4371601734728063,10.91847789453047,True
236,9916666,6,Object 7,683.5,385.0,7,3.4557943542155853,10.935419788160925,True
237,9958333,6,Object 7,684.0,386.5,7,3.470645026615,10.993482949634208,True
238,10000000,6,Object 7,689.0,382.5,7,3.356502826791821,10.85154322643924,True
239,10041666,6,Object 7,688.0,382.0,7,3.3612712030136844,10.83027802137581,True
13,625000,7,Object 8,422.5,279.0,8,5.2336178790684995,5.813882133545123,True
14,666666,7,Object 8,420.5,279.0,8,5.25950172371151,5.809970559812555,True
15,708333,7,Object 8,418.0,276.5,8,5.25909445442159,5.681821257769386,True
16,750000,7,Object 8,415.5,277.0,8,5.298081565023737,5.701658012862519,True
17,791666,7,Object 8,414.5,276.5,8,5.304510096785081,5.674992792563545,True
18,833333,7,Object 8,409.0,275.0,8,5.356316371787955,5.589946074172419,True
19,875000,7,Object 8,402.5,275.5,8,5.4471507174854015,5.6021005015139345,True
20,916666,7,Object 8,397.0,274.5,8,5.505615090551512,5.541774798282609,True
21,958333,7,Object 8,393.0,273.5,8,5.544709784420167,5.484253457897475,True
22,1000000,7,Object 8,390.0,273.0,8,5.5772727186633215,5.453511508521509,True
23,1041666,7,Object 8,387.0,271.5,8,5.597123040899077,5.372738999845252,True
24,1083333,7,Object 8,385.0,271.5,8,5.623131702312198,5.368868647675453,True
25,1125000,7,Object 8,382.5,272.0,8,5.661964895630689,5.389048038162958,True
26,1166666,7,Object 8,379.5,270.5,8,5.681975329703133,5.308106403128267,True
27,1208333,7,Object 8,377.0,269.0,8,5.6955395474812045,5.227850006912934,True
28,1250000,7,Object 8,376.5,267.5,8,5.683041702842504,5.151162793870731,True
29,1291666,7,Object 8,376.5,267.5,8,5.683041702842504,5.151162793870731,True
30,1333333,7,Object 8,378.0,268.5,8,5.676164605560396,5.204570146411136,True
31,1375000,7,Object 8,378.0,268.0,8,5.669813382285733,5.179328183131892,True
32,1416666,7,Object 8,378.5,266.5,8,5.644170420262386,5.104366745988622,True
33,1458333,7,Object 8,380.0,265.5,8,5.6117354286760746,5.056470739731886,True
34,1500000,7,Object 8,382.5,264.5,8,5.566084740379443,5.010361584024189,True
35,1541666,7,Object 8,384.0,263.5,8,5.5334422056332375,4.962189650171307,True
36,1583333,7,Object 8,387.0,261.5,8,5.4678754783419885,4.865430128443573,True
37,1625000,7,Object 8,391.5,261.0,8,5.401913947480858,4.848357227323508,True
38,1666666,7,Object 8,394.5,261.0,8,5.362284146585692,4.854123505663896,True
39,1708333,7,Object 8,396.0,261.0,8,5.342462207864401,4.857007668928191,True
40,1750000,7,Object 8,401.0,260.0,8,5.262965758396657,4.8150686291133935,True
41,1791666,7,Object 8,406.0,259.5,8,5.189959007863395,4.798853395239338,True
42,1833333,7,Object 8,407.5,259.0,8,5.163281626225442,4.775869931400123,True
43,1875000,7,Object 8,409.5,258.5,8,5.129917228404522,4.753812085638962,True
44,1916666,7,Object 8,411.5,257.0,8,5.082804632786443,4.679731832808782,True
45,1958333,7,Object 8,415.0,256.5,8,5.029266402640524,4.660411297304404,True
46,2000000,7,Object 8,418.5,256.0,8,4.975626982814636,4.641054245112806,True
47,2041666,7,Object 8,421.0,256.0,8,4.942227494752412,4.645860382717891,True
48,2083333,7,Object 8,423.5,255.5,8,4.901822608477471,4.6245444353322815,True
49,2125000,7,Object 8,427.0,255.5,8,4.854989169655785,4.631276130135319,True
50,2166666,7,Object 8,428.5,255.5,8,4.834909695631377,4.634162292124244,True
51,2208333,7,Object 8,430.0,253.5,8,4.7865160006124725,4.532182652179871,True
52,2250000,7,Object 8,428.5,255.0,8,4.827860780635926,4.607999403690855,True
53,2291666,7,Object 8,430.0,252.0,8,4.7651842680418355,4.45316358016025,True
54,2333333,7,Object 8,428.5,250.5,8,4.763994303830967,4.370951360359387,True
55,2375000,7,Object 8,430.0,251.0,8,4.750915364824942,4.400307325413803,True
56,2416666,7,Object 8,429.5,251.0,8,4.757653682340876,4.399348642744894,True
57,2458333,7,Object 8,429.0,250.5,8,4.757252254027495,4.371909470701341,True
58,2500000,7,Object 8,429.0,250.0,8,4.7501034484230775,4.345393295592318,True
59,2541666,7,Object 8,430.0,249.5,8,4.729440002208301,4.320756205052038,True
60,2583333,7,Object 8,430.0,249.5,8,4.729440002208301,4.320756205052038,True
61,2625000,7,Object 8,429.5,249.5,8,4.73619278406387,4.319798783936568,True
62,2666666,7,Object 8,430.5,248.5,8,4.708311858759004,4.268500107664778,True
63,2708333,7,Object 8,433.0,248.0,8,4.667262467295309,4.246621738743725,True
64,2750000,7,Object 8,433.5,248.5,8,4.667722405050483,4.274241607180423,True
65,2791666,7,Object 8,431.5,248.0,8,4.687572569193344,4.243752158885929,True
66,2833333,7,Object 8,431.5,245.5,8,4.651367941391271,4.1099036244659,True
67,2875000,7,Object 8,432.5,247.0,8,4.659561079226569,4.192232447471754,True
68,2916666,7,Object 8,434.5,245.5,8,4.610596583398274,4.1156304409977755,True
69,2958333,7,Object 8,435.0,244.5,8,4.589180306181844,4.062785669714782,True
70,3000000,7,Object 8,434.0,243.5,8,4.5881545130154056,4.006934270502102,True
71,3041666,7,Object 8,434.0,244.0,8,4.595479050578175,4.033924442309681,True
72,3083333,7,Object 8,436.5,243.0,8,4.546708700484915,3.984670408034739,True
73,3125000,7,Object 8,430.5,242.0,8,4.613922832565648,3.919084959600609,True
74,3166666,7,Object 8,431.0,242.5,8,4.614420496909778,3.9471335907430753,True
75,3208333,7,Object 8,436.0,243.0,8,4.553532072906274,3.9837176608465463,True
76,3250000,7,Object 8,431.0,240.0,8,4.577696567210938,3.811275987006326,True
77,3291666,7,Object 8,433.0,240.0,8,4.550303148816317,3.8150733939391,True
78,3333333,7,Object 8,433.0,239.0,8,4.535503582184411,3.7604669840618765,True
79,3375000,7,Object 8,435.5,239.5,8,4.50862921039904,3.7925349945913323,True
80,3416666,7,Object 8,437.0,239.5,8,4.488054982281244,3.7953836305469166,True
81,3458333,7,Object 8,437.0,238.5,8,4.473155393666217,3.7406951649803943,True
82,3500000,7,Object 8,437.5,238.5,8,4.466286216366236,3.741643931077908,True
83,3541666,7,Object 8,438.5,237.5,8,4.437575766469867,3.688700708748878,True
84,3583333,7,Object 8,440.0,237.5,8,4.416931448849638,3.6915451088506614,True
85,3625000,7,Object 8,440.5,236.0,8,4.387455930909372,3.609944124533762,True
86,3666666,7,Object 8,441.0,235.5,8,4.3730010087338345,3.5832986085856917,True
87,3708333,7,Object 8,438.5,236.5,8,4.422564315253182,3.633709386914824,True
88,3750000,7,Object 8,436.5,237.0,8,4.457613133345451,3.6574343282266173,True
89,3791666,7,Object 8,444.0,237.5,8,4.361855172498923,3.6991335876243263,True
90,3833333,7,Object 8,445.5,238.0,8,4.348752844902466,3.7294264063296256,True
91,3875000,7,Object 8,447.0,239.0,8,4.343220164271215,3.787057478344376,True
92,3916666,7,Object 8,449.0,239.5,8,4.323279855325098,3.818197820636864,True
93,3958333,7,Object 8,450.0,239.0,8,4.301959377945674,3.7927633510336984,True
94,4000000,7,Object 8,450.0,241.0,8,4.332196011559445,3.9018903742185693,True
95,4041666,7,Object 8,450.5,241.0,8,4.325337238976773,3.902843474060501,True
96,4083333,7,Object 8,452.0,242.0,8,4.319853945432311,3.960047506894249,True
97,4125000,7,Object 8,453.5,241.5,8,4.291741152818496,3.9357557231219564,True
98,4166666,7,Object 8,453.0,242.0,8,4.306151290003475,3.961956228610867,True
99,4208333,7,Object 8,455.5,241.5,8,4.264307007004943,3.939572590116293,True
100,4250000,7,Object 8,455.5,242.5,8,4.279452470215708,3.9938492235603906,True
101,4291666,7,Object 8,460.5,242.0,8,4.20331027491699,3.9762815453258438,True
102,4333333,7,Object 8,463.0,242.0,8,4.1690020294806525,3.981060538234437,True
103,4375000,7,Object 8,465.0,242.0,8,4.141545376768801,3.9848851333699438,True
104,4416666,7,Object 8,465.0,242.5,8,4.14920758687247,4.012013560636518,True
105,4458333,7,Object 8,469.0,242.0,8,4.08660523581204,3.9925380617167647,True
106,4500000,7,Object 8,473.5,242.0,8,4.024754771515047,4.001153568762059,True
107,4541666,7,Object 8,478.0,240.0,8,3.9315836067067536,3.9008432618979567,True
108,4583333,7,Object 8,480.0,241.5,8,3.9275122125023216,3.986430288684257,True
109,4625000,7,Object 8,482.5,241.0,8,3.88521096447379,3.9640037294272967,True
110,4666666,7,Object 8,484.5,240.5,8,3.8497370653817997,3.9405792991072213,True
111,4708333,7,Object 8,487.0,240.0,8,3.807293155623545,3.9180729998525825,True
112,4750000,7,Object 8,489.0,240.5,8,3.7875941026316853,3.9492042982232998,True
113,4791666,7,Object 8,492.5,239.0,8,3.7152522872697458,3.8738979164030467,True
114,4833333,7,Object 8,494.0,239.0,8,3.694470311469048,3.876771814811475,True
115,4875000,7,Object 8,496.0,239.5,8,3.6747918314276458,3.907985213440317,True
116,4916666,7,Object 8,498.0,239.0,8,3.6390267224923467,3.8844389992815986,True
117,4958333,7,Object 8,500.0,240.0,8,3.627439111672692,3.943005229322713,True
118,5000000,7,Object 8,501.5,239.0,8,3.590483746289939,3.891151911633447,True
119,5041666,7,Object 8,503.5,238.5,8,3.5546061533721023,3.8675645614204273,True
120,5083333,7,Object 8,505.0,239.5,8,3.5500432683511898,3.92525746492662,True
121,5125000,7,Object 8,506.0,239.0,8,3.528030390303023,3.8997884629456494,True
122,5166666,7,Object 8,507.0,239.0,8,3.5141456046561195,3.9017085625432384,True
123,5208333,7,Object 8,508.0,239.5,8,3.508419502378376,3.931020546568278,True
124,5250000,7,Object 8,508.5,239.5,8,3.5014802172522947,3.9319813358140805,True
125,5291666,7,Object 8,509.5,238.5,8,3.471236161907508,3.879079567948478,True
126,5333333,7,Object 8,511.5,238.0,8,3.435208652533939,3.8554501915101196,True
127,5375000,7,Object 8,512.5,238.0,8,3.421290854147263,3.8573701573406964,True
128,5416666,7,Object 8,512.5,238.0,8,3.421290854147263,3.8573701573406964,True
129,5458333,7,Object 8,516.0,238.0,8,3.3725605386259563,3.8640925237750023,True
130,5500000,7,Object 8,517.0,238.0,8,3.358632440100694,3.866013910513797,True
131,5541666,7,Object 8,518.0,238.0,8,3.3447020511029706,3.8679356132241827,True
132,5583333,7,Object 8,520.5,237.5,8,3.301543024338428,3.8452247318138504,True
133,5625000,7,Object 8,521.0,237.5,8,3.2945689615784266,3.8461856269710224,True
134,5666666,7,Object 8,522.0,237.5,8,3.2806191139821563,3.848107654555205,True
135,5708333,7,Object 8,522.5,237.5,8,3.2736433290041393,3.849068787001745,True
136,5750000,7,Object 8,524.5,237.5,8,3.245734446238606,3.8529141080454963,True
137,5791666,7,Object 8,524.5,237.5,8,3.245734446238606,3.8529141080454963,True
138,5833333,7,Object 8,525.5,237.5,8,3.231776558150831,3.8548372434587352,True
139,5875000,7,Object 8,526.0,237.5,8,3.2247967521823777,3.8557989299224067,True
140,5916666,7,Object 8,527.0,239.0,8,3.235970693416797,3.940176821882081,True
141,5958333,7,Object 8,528.0,238.0,8,3.2052720607377547,3.887170035926764,True
142,6000000,7,Object 8,531.5,237.5,8,3.147980939980694,3.8663827093460976,True
143,6041666,7,Object 8,526.5,239.5,8,3.2512864636527983,3.9666222913962597,True
144,6083333,7,Object 8,530.5,239.0,8,3.1871960519675797,3.9469217707635904,True
145,6125000,7,Object 8,531.5,239.0,8,3.173255285156914,3.9488496118858025,True
146,6166666,7,Object 8,533.5,239.0,8,3.1453668745717374,3.9527062451319814,True
147,6208333,7,Object 8,535.5,239.0,8,3.117469290931483,3.956564146901841,True
148,6250000,7,Object 8,538.0,240.0,8,3.0995097279247474,4.0161893304443215,True
149,6291666,7,Object 8,539.0,240.0,8,3.085572343833929,4.018121397417811,True
150,6333333,7,Object 8,539.0,240.0,8,3.085572343833929,4.018121397417811,True
151,6375000,7,Object 8,537.5,240.5,8,3.1149176432627783,4.042566983404496,True
152,6416666,7,Object 8,540.0,240.5,8,3.0800984314960247,4.04739964115721,True
153,6458333,7,Object 8,541.0,241.0,8,3.0746311404845192,4.076642469494196,True
154,6500000,7,Object 8,542.5,240.5,8,3.045264925106196,4.052234282901446,True
155,6541666,7,Object 8,544.0,240.5,8,3.0243579561908356,4.055136020772233,True
156,6583333,7,Object 8,546.5,240.5,8,2.9895015600876285,4.059973839445103,True
157,6625000,7,Object 8,546.0,240.0,8,2.9879465081593737,4.031654758602152,True
158,6666666,7,Object 8,551.5,239.5,8,2.9025656770540005,4.014904956752047,True
159,6708333,7,Object 8,552.0,240.0,8,2.904177769920367,4.043267182533912,True
160,6750000,7,Object 8,553.5,239.5,8,2.874606026385839,4.018776152587092,True
161,6791666,7,Object 8,554.5,240.0,8,2.869249728388999,4.048109075033367,True
162,6833333,7,Object 8,554.0,239.5,8,2.8676146755699206,4.019744150666938,True
163,6875000,7,Object 8,555.5,240.0,8,2.8552744897139917,4.0500463895907215,True
164,6916666,7,Object 8,557.0,240.0,8,2.8343073205763614,4.052952959055579,True
165,6958333,7,Object 8,554.5,241.0,8,2.8864680944675167,4.102789738157013,True
166,7000000,7,Object 8,555.5,240.5,8,2.8638999216309458,4.07740644923269,True
167,7041666,7,Object 8,557.0,241.5,8,2.860194465117254,4.1349244284380084,True
168,7083333,7,Object 8,560.5,241.5,8,2.8113593246174124,4.141718780163204,True
169,7125000,7,Object 8,561.0,241.5,8,2.804380584364186,4.142689720666168,True
170,7166666,7,Object 8,563.5,240.5,8,2.7520979128539285,4.092923769041781,True
171,7208333,7,Object 8,562.5,241.0,8,2.774767039346634,4.118311795011375,True
172,7250000,7,Object 8,563.0,242.0,8,2.785127009301457,4.173828452294238,True
173,7291666,7,Object 8,564.5,241.5,8,2.755513351436261,4.149488537357409,True
174,7333333,7,Object 8,566.0,241.0,8,2.7258516261621857,4.125109115087556,True
175,7375000,7,Object 8,565.5,241.5,8,2.7415461234663145,4.151431774511689,True
176,7416666,7,Object 8,567.5,241.5,8,2.7136047819589164,4.1553192067977855,True
177,7458333,7,Object 8,569.5,240.0,8,2.6593794767519743,4.077202295056813,True
178,7500000,7,Object 8,570.0,241.5,8,2.6786651888001893,4.16018029417515,True
179,7541666,7,Object 8,571.0,241.5,8,2.6646853313237644,4.162125288451621,True
180,7583333,7,Object 8,572.0,240.5,8,2.63314695434621,4.1094333119824915,True
181,7625000,7,Object 8,572.0,240.0,8,2.6243506848241087,4.082058154059049,True
182,7666666,7,Object 8,572.5,240.5,8,2.626144655720001,4.110405180988876,True
183,7708333,7,Object 8,573.5,240.5,8,2.6121383292386744,4.112349159006254,True
184,7750000,7,Object 8,572.5,240.5,8,2.626144655720001,4.110405180988876,True
185,7791666,7,Object 8,573.5,241.0,8,2.6209380367462476,4.139687980953655,True
186,7833333,7,Object 8,575.0,241.0,8,2.5999397825039505,4.142605913070221,True
187,7875000,7,Object 8,577.0,240.5,8,2.5630980221752293,4.119155603153042,True
188,7916666,7,Object 8,576.0,240.5,8,2.577112422544661,4.117210504537694,True
189,7958333,7,Object 8,578.0,240.5,8,2.5490813136983386,4.121101022117208,True
190,8000000,7,Object 8,578.5,241.0,8,2.5509236954964964,4.149417222851354,True
191,8041666,7,Object 8,578.0,241.0,8,2.557927722318221,4.148443938378628,True
192,8083333,7,Object 8,578.0,240.5,8,2.5490813136983386,4.121101022117208,True
193,8125000,7,Object 8,576.5,240.5,8,2.570105510837744,4.118183013806711,True
194,8166666,7,Object 8,576.5,240.5,8,2.570105510837744,4.118183013806711,True
195,8208333,7,Object 8,576.5,241.0,8,2.5789363450010776,4.145524565456303,True
196,8250000,7,Object 8,576.5,241.0,8,2.5789363450010776,4.145524565456303,True
197,8291666,7,Object 8,576.0,240.0,8,2.568274602767019,4.089831689281951,True
198,8333333,7,Object 8,576.0,240.0,8,2.568274602767019,4.089831689281951,True
199,8375000,7,Object 8,575.0,240.0,8,2.5822970881166003,4.087887825164149,True
200,8416666,7,Object 8,575.0,240.0,8,2.5822970881166003,4.087887825164149,True
201,8458333,7,Object 8,575.5,240.0,8,2.575286134261345,4.088859717185503,True
202,8500000,7,Object 8,575.5,239.5,8,2.5664413181690833,4.061443564605785,True
203,8541666,7,Object 8,575.5,239.5,8,2.5664413181690833,4.061443564605785,True
204,8583333,7,Object 8,576.0,239.0,8,2.550562335940491,4.03496059059415,True
205,8625000,7,Object 8,576.0,239.5,8,2.559424582326323,4.062415077408018,True
206,8666666,7,Object 8,574.5,239.5,8,2.5804730545257164,4.05950077926891,True
207,8708333,7,Object 8,574.5,238.5,8,2.5627676008590607,4.004556627826139,True
208,8750000,7,Object 8,575.0,240.0,8,2.5822970881166003,4.087887825164149,True
209,8791666,7,Object 8,575.0,240.0,8,2.5822970881166003,4.087887825164149,True
210,8833333,7,Object 8,576.5,239.0,8,2.543539808687655,4.035931722024995,True
211,8875000,7,Object 8,577.0,239.0,8,2.5365167019950983,4.036902933585412,True
212,8916666,7,Object 8,576.5,239.5,8,2.5524072679452154,4.063386670312656,True
213,8958333,7,Object 8,577.0,239.5,8,2.545389374954206,4.064358343329607,True
214,9000000,7,Object 8,578.5,239.0,8,2.5154439045618524,4.0398170491433,True
215,9041666,7,Object 8,578.5,240.0,8,2.533208278210245,4.094692751237067,True
216,9083333,7,Object 8,578.5,240.5,8,2.5420720937414,4.122073851754831,True
217,9125000,7,Object 8,579.5,240.5,8,2.528051922034045,4.124019751390635,True
218,9166666,7,Object 8,580.5,241.0,8,2.522901823341721,4.153311161832338,True
219,9208333,7,Object 8,581.5,241.0,8,2.5088874273470863,4.155258612115352,True
220,9250000,7,Object 8,582.0,241.0,8,2.501879364121246,4.1562324574896214,True
221,9291666,7,Object 8,582.5,241.0,8,2.4948707239814194,4.157206383032262,True
222,9333333,7,Object 8,583.0,241.0,8,2.487861506856367,4.158180388753173,True
223,9375000,7,Object 8,582.0,241.0,8,2.501879364121246,4.1562324574896214,True
224,9416666,7,Object 8,584.0,241.0,8,2.4738413413655573,4.16012864076942,True
225,9458333,7,Object 8,583.5,240.5,8,2.471948134162162,4.1318065561934505,True
226,9500000,7,Object 8,584.5,240.5,8,2.45791640907857,4.133754059355309,True
227,9541666,7,Object 8,584.5,239.5,8,2.4400514982073465,4.078943058803162,True
228,9583333,7,Object 8,585.0,240.0,8,2.4419681781452085,4.107340891149458,True
229,9625000,7,Object 8,586.0,240.0,8,2.4279225586472566,4.109287962233769,True
230,9666666,7,Object 8,586.5,240.0,8,2.420898880222953,4.110261618195861,True
231,9708333,7,Object 8,586.5,240.0,8,2.420898880222953,4.110261618195861,True
232,9750000,7,Object 8,586.0,240.0,8,2.4279225586472566,4.109287962233769,True
233,9791666,7,Object 8,586.0,240.0,8,2.4279225586472566,4.109287962233769,True
234,9833333,7,Object 8,585.5,240.0,8,2.434945657930798,4.1083143865549445,True
235,9875000,7,Object 8,586.0,240.5,8,2.4368644855453416,4.136675915891116,True
236,9916666,7,Object 8,586.0,240.5,8,2.4368644855453416,4.136675915891116,True
237,9958333,7,Object 8,585.5,240.5,8,2.4438823716060685,4.135701883460221,True
238,10000000,7,Object 8,584.0,240.5,8,2.464932560633259,4.132780267661456,True
239,10041666,7,Object 8,584.5,240.5,8,2.45791640907857,4.133754059355309,True
